model_id,stock_code,samples,mse,mae,rmse,mape,accuracy,precision,recall,f1,mcc
frets_return_l4__fixed_shrink_a075,000004.SZ,45,0.003895611084549592,0.04282005257037877,0.06241483064584564,126.30470895120523,0.4222222222222222,0.8181818181818182,0.2727272727272727,0.4090909090909091,0.10913546327250562
frets_return_l4__fixed_shrink_a075,000005.SZ,45,0.005029497200327462,0.040717425289201616,0.07091894810505485,49.0207191585243,0.5555555555555556,0.3076923076923077,0.26666666666666666,0.28571428571428575,-0.03466876226407682
frets_return_l4__fixed_shrink_a075,000007.SZ,45,0.004836124170061347,0.045020424081788676,0.06954224737568773,0.9569762025054698,0.6222222222222222,0.3076923076923077,0.3333333333333333,0.32,0.05913123959890826
frets_return_l4__fixed_shrink_a075,000008.SZ,45,0.0008873616276297499,0.02492659516606682,0.029788615738730623,0.9946118712208963,0.5555555555555556,0.4166666666666667,0.2777777777777778,0.33333333333333337,0.020515248496555456
frets_return_l4__fixed_shrink_a075,000009.SZ,45,0.0008685594389259384,0.02416833758599947,0.029471332493220228,1.0204910296998013,0.4,0.36363636363636365,0.16666666666666666,0.2285714285714286,-0.19347649748797371
frets_return_l4__fixed_shrink_a075,000010.SZ,45,0.001709517072046712,0.031112066609784925,0.0413463066312665,69.25836594639648,0.5555555555555556,0.17647058823529413,0.3333333333333333,0.23076923076923078,-0.045834924851410566
frets_return_l4__fixed_shrink_a075,000011.SZ,45,0.0010964845109408873,0.028259543573949455,0.03311320750004275,1.0035917864728106,0.6222222222222222,0.5454545454545454,0.3333333333333333,0.41379310344827586,0.1688801323682996
frets_return_l4__fixed_shrink_a075,000014.SZ,45,0.0017793549784387486,0.031314837303943896,0.04218240128820014,0.9103686893481545,0.7555555555555555,0.7333333333333333,0.6111111111111112,0.6666666666666666,0.4811252243246881
frets_return_l4__fixed_shrink_a075,000017.SZ,45,0.0009422919739940153,0.023841027764137775,0.030696774651321517,136.77853762326646,0.4666666666666667,0.5,0.25,0.3333333333333333,-0.040291148201269014
frets_return_l4__fixed_shrink_a075,000020.SZ,45,0.0020370606495886292,0.02979201902894091,0.04513380827704028,0.98893802725221,0.4444444444444444,0.4444444444444444,0.16666666666666666,0.24242424242424243,-0.0890870806374748
frets_return_l4__fixed_shrink_a075,000023.SZ,45,0.0028311349189458386,0.04229031303030851,0.053208410227574346,0.9690274465960755,0.7111111111111111,0.26666666666666666,0.6666666666666666,0.3809523809523809,0.2773500981126146
frets_return_l4__fixed_shrink_a075,000025.SZ,45,0.0008227665952642217,0.02146895008886019,0.028683908298281487,1.1993779282267478,0.4444444444444444,0.25,0.09523809523809523,0.13793103448275862,-0.20194517395039002
frets_return_l4__fixed_shrink_a075,000030.SZ,45,0.0004944387479766927,0.01789754652612219,0.0222359786826821,41.92274820637556,0.6222222222222222,0.7692307692307693,0.4166666666666667,0.5405405405405406,0.3013818905575515
frets_return_l4__fixed_shrink_a075,000034.SZ,45,0.004194276517854631,0.05128476691703928,0.06476323430662362,1.1608602605604894,0.35555555555555557,0.5714285714285714,0.13333333333333333,0.21621621621621623,-0.086710996952412
frets_return_l4__fixed_shrink_a075,000035.SZ,45,0.0005846985453262738,0.020658328481820466,0.02418054063345718,183.07046761932588,0.5555555555555556,0.5454545454545454,0.2857142857142857,0.37499999999999994,0.08982837383370208
frets_return_l4__fixed_shrink_a075,000036.SZ,45,0.0005416636891441388,0.019982606503698517,0.023273669438748562,0.9895822202610355,0.4888888888888889,0.4444444444444444,0.38095238095238093,0.41025641025641024,-0.036369648372665396
frets_return_l4__fixed_shrink_a075,000037.SZ,45,0.0013266603186863177,0.02776352700441035,0.03642334853752902,1.0350976749315757,0.4,0.36363636363636365,0.16666666666666666,0.2285714285714286,-0.19347649748797371
frets_return_l4__fixed_shrink_a075,000040.SZ,45,0.00216334732978094,0.03719649569700571,0.04651179774832338,0.966888604345671,0.5777777777777777,0.45454545454545453,0.2777777777777778,0.3448275862068966,0.06333004963811235
frets_return_l4__fixed_shrink_a075,000046.SZ,45,0.003580262645475412,0.04901215341847595,0.05983529598385398,120.10722465923102,0.6222222222222222,0.5333333333333333,0.4444444444444444,0.4848484848484848,0.19245008972987526
frets_return_l4__fixed_shrink_a075,000048.SZ,45,0.0034406494187748846,0.04158346157831445,0.05865704918230105,1.0114969103525173,0.37777777777777777,0.18181818181818182,0.09523809523809523,0.125,-0.32476412078338446
frets_return_l4__fixed_shrink_a075,000049.SZ,45,0.0009420910865308558,0.024118732595686854,0.030693502350348612,0.9571045083720334,0.5111111111111111,0.375,0.3333333333333333,0.35294117647058826,-0.03790490217894517
frets_return_l4__fixed_shrink_a075,000056.SZ,45,0.0021299848425872,0.03379192098768218,0.046151758824417514,0.9658044604126782,0.6222222222222222,0.2777777777777778,0.5555555555555556,0.3703703703703704,0.15876322406928006
frets_return_l4__fixed_shrink_a075,000058.SZ,45,0.0012950780452613813,0.027205607727713233,0.03598719279495667,223.6626084146809,0.6222222222222222,0.7333333333333333,0.4583333333333333,0.5641025641025641,0.2834733547569204
frets_return_l4__fixed_shrink_a075,000059.SZ,45,0.0020935195313591167,0.038997306620391664,0.045754994605606905,1.0115199126661643,0.5555555555555556,0.375,0.16666666666666666,0.23076923076923078,-0.023728949893812475
frets_return_l4__fixed_shrink_a075,000068.SZ,45,0.001511202020190758,0.03006502163674057,0.03887418192310622,235.69540887375547,0.5333333333333333,0.25,0.2,0.22222222222222224,-0.10660035817780521
frets_return_l4__fixed_shrink_a075,000070.SZ,45,0.009212335440966033,0.07462561481645223,0.09598091185733772,0.9705937882812198,0.4888888888888889,0.5555555555555556,0.20833333333333334,0.30303030303030304,0.0222717701593687
frets_return_l4__fixed_shrink_a075,000078.SZ,45,0.0002929406496288326,0.013539629227145425,0.017115509037969996,53.348394306870794,0.5777777777777777,0.6923076923076923,0.375,0.48648648648648646,0.20310518711487166
frets_return_l4__fixed_shrink_a075,000100.SZ,45,0.0020180756649857056,0.03616011947289933,0.04492299706147961,1.082919031030241,0.4444444444444444,0.5833333333333334,0.25925925925925924,0.358974358974359,-0.020515248496555456
frets_return_l4__fixed_shrink_a075,000156.SZ,45,0.002584788700499031,0.04016248624021596,0.05084081726820519,1.0675211631829622,0.4,0.8,0.13333333333333333,0.2285714285714286,0.1
frets_return_l4__fixed_shrink_a075,000403.SZ,45,0.0019741028796874706,0.03561519889109245,0.044430877548023634,1.0961947280842992,0.6222222222222222,0.5263157894736842,0.5555555555555556,0.5405405405405405,0.22041550751119351
frets_return_l4__fixed_shrink_a075,000408.SZ,45,0.0007491969182423202,0.023575761486750255,0.02737146174836704,0.9777818972437339,0.5333333333333333,0.5,0.19047619047619047,0.27586206896551724,0.031068488300060003
frets_return_l4__fixed_shrink_a075,000409.SZ,45,0.005534095712476838,0.043226078035594445,0.07439150295885168,1.0067914997178729,0.6666666666666666,0.6153846153846154,0.4444444444444444,0.5161290322580646,0.2802242691589025
frets_return_l4__fixed_shrink_a075,000410.SZ,45,0.004003345069305184,0.043508567486423955,0.06327199277172471,0.9824890908248695,0.5333333333333333,0.8,0.4,0.5333333333333333,0.2
frets_return_l4__fixed_shrink_a075,000413.SZ,45,0.0005603154814371046,0.01836362255530221,0.023670983955828805,105.13348782076748,0.6,0.75,0.375,0.5,0.2618924633082486
frets_return_l4__fixed_shrink_a075,000415.SZ,45,0.0005752787050294459,0.020003226925877596,0.0239849683141222,153.15669688841248,0.4,0.4,0.25,0.3076923076923077,-0.1889822365046136
frets_return_l4__fixed_shrink_a075,000422.SZ,45,0.0009329346544824745,0.024078798881317986,0.030543979021772433,0.9626508195814515,0.6222222222222222,0.5333333333333333,0.4444444444444444,0.4848484848484848,0.19245008972987526
frets_return_l4__fixed_shrink_a075,000430.SZ,45,0.0019293879913245449,0.035318919530578134,0.04392479927472116,1.311814647794237,0.5777777777777777,0.46153846153846156,0.3333333333333333,0.3870967741935484,0.08006407690254357
frets_return_l4__fixed_shrink_a075,000488.SZ,45,0.0004808203521313952,0.018643303456742064,0.021927616198104963,1.0885201687566033,0.4666666666666667,0.2,0.1111111111111111,0.14285714285714285,-0.2182178902359924
frets_return_l4__fixed_shrink_a075,000504.SZ,45,0.003824528608329949,0.04325520307821632,0.061842773291064086,69.13707655789952,0.6,0.6666666666666666,0.2857142857142857,0.4,0.20044593143431827
frets_return_l4__fixed_shrink_a075,000505.SZ,45,0.0004952925099421092,0.019075073070254966,0.022255168162521467,1.015758678187865,0.6444444444444445,0.7272727272727273,0.38095238095238093,0.5,0.29712462114224536
frets_return_l4__fixed_shrink_a075,000506.SZ,45,0.0021180972529484996,0.033758763806609804,0.04602279058193342,0.961593143795387,0.5555555555555556,0.5714285714285714,0.19047619047619047,0.2857142857142857,0.09012760973486356
frets_return_l4__fixed_shrink_a075,000507.SZ,45,0.0003778495814027415,0.017362283157288164,0.019438353361402337,0.9988826038397669,0.6,0.7142857142857143,0.4166666666666667,0.5263157894736842,0.24375005275062306
frets_return_l4__fixed_shrink_a075,000509.SZ,45,0.0010021531661833967,0.028743559340040876,0.03165680284209694,1.0068803080824753,0.5111111111111111,0.375,0.3333333333333333,0.35294117647058826,-0.03790490217894517
frets_return_l4__fixed_shrink_a075,000514.SZ,45,0.0014013403246828369,0.031081848722209926,0.03743448042490822,0.8974046120847942,0.7555555555555555,0.9333333333333333,0.5833333333333334,0.7179487179487181,0.5669467095138409
frets_return_l4__fixed_shrink_a075,000516.SZ,45,0.0017440863686859268,0.03428050736676792,0.041762260100309784,1.1712685330304882,0.5111111111111111,0.6,0.25,0.35294117647058826,0.07142857142857142
frets_return_l4__fixed_shrink_a075,000517.SZ,45,0.001927557096652418,0.031514846113148205,0.04390395308685105,0.9994131167577822,0.6,0.5,0.3333333333333333,0.4,0.12309149097933272
frets_return_l4__fixed_shrink_a075,000518.SZ,45,0.0003359418145054909,0.015253082110494727,0.01832871557162397,1.0429161437913559,0.4888888888888889,0.25,0.26666666666666666,0.2580645161290323,-0.13130643285972254
frets_return_l4__fixed_shrink_a075,000520.SZ,45,0.0005536627959113204,0.018092351861479138,0.02353004028707389,28.078437025237854,0.6,0.5,0.3888888888888889,0.43750000000000006,0.1371758152921836
frets_return_l4__fixed_shrink_a075,000525.SZ,45,0.005850459232749152,0.06028400512683823,0.07648829474337333,0.995077093364539,0.5555555555555556,0.4375,0.3888888888888889,0.411764705882353,0.05685735326841775
frets_return_l4__fixed_shrink_a075,000526.SZ,45,0.007344877337622534,0.06265905994740831,0.08570225981631134,1.092498340810395,0.5777777777777777,0.5833333333333334,0.3333333333333333,0.4242424242424242,0.14101901870444156
frets_return_l4__fixed_shrink_a075,000533.SZ,45,0.0008097998499983475,0.02156725784233353,0.02845698244716659,21.33916262430131,0.4444444444444444,0.23076923076923078,0.16666666666666666,0.1935483870967742,-0.22017621148199482
frets_return_l4__fixed_shrink_a075,000536.SZ,45,0.002203228714884483,0.036048707651853945,0.046938563195782664,129.73654996616966,0.5555555555555556,0.5384615384615384,0.3333333333333333,0.41176470588235287,0.09172492321316784
frets_return_l4__fixed_shrink_a075,000537.SZ,45,0.0007765300349683543,0.022526695171189978,0.027866288503644584,0.9919532482910167,0.5777777777777777,0.45454545454545453,0.2777777777777778,0.3448275862068966,0.06333004963811235
frets_return_l4__fixed_shrink_a075,000544.SZ,45,0.0017095617001451377,0.031249245357078785,0.04134684631438216,0.9759497557712262,0.6444444444444445,0.8333333333333334,0.4166666666666667,0.5555555555555556,0.36262033381142117
frets_return_l4__fixed_shrink_a075,000545.SZ,45,0.00058755635523449,0.01755567580047576,0.02423956177892847,118.80588863047332,0.4888888888888889,0.5384615384615384,0.2916666666666667,0.3783783783783784,0.006551780229511989
frets_return_l4__fixed_shrink_a075,000548.SZ,45,0.0007438787654795601,0.021508820766919328,0.02727414096684917,1.0345319874662202,0.6,0.3125,0.4166666666666667,0.35714285714285715,0.07698522025642997
frets_return_l4__fixed_shrink_a075,000550.SZ,45,0.0010474995856275154,0.024106337695977493,0.03236509826383222,257.42651275591385,0.5111111111111111,0.35714285714285715,0.2777777777777778,0.31250000000000006,-0.058789635125221534
frets_return_l4__fixed_shrink_a075,000552.SZ,45,0.0005501294895887126,0.019538550553584617,0.023454839363950302,13.757289045637805,0.4888888888888889,0.5294117647058824,0.375,0.4390243902439025,-0.006124949469375316
frets_return_l4__fixed_shrink_a075,000557.SZ,45,0.000740410020415426,0.023382067199175523,0.027210476298944603,1.0301307579317327,0.5333333333333333,0.3333333333333333,0.16666666666666666,0.2222222222222222,-0.06804138174397717
frets_return_l4__fixed_shrink_a075,000560.SZ,45,0.004429356941581257,0.05444934882947966,0.0665534141992825,0.906028078198539,0.7111111111111111,0.7272727272727273,0.4444444444444444,0.5517241379310345,0.37998029782867415
frets_return_l4__fixed_shrink_a075,000561.SZ,45,0.001530172311117512,0.032293992703651145,0.039117416979109344,1.062308353124331,0.6222222222222222,0.5333333333333333,0.4444444444444444,0.4848484848484848,0.19245008972987526
frets_return_l4__fixed_shrink_a075,000564.SZ,45,0.0025078429810118795,0.03598270691840698,0.05007836839406691,888.6862629801957,0.6,0.38461538461538464,0.3333333333333333,0.3571428571428571,0.06933752452815364
frets_return_l4__fixed_shrink_a075,000566.SZ,45,0.0022299051424665654,0.03259102870619643,0.04722187144180719,44.40010182021155,0.4222222222222222,0.5384615384615384,0.25925925925925924,0.35000000000000003,-0.08006407690254357
frets_return_l4__fixed_shrink_a075,000567.SZ,45,0.001164971483105323,0.027476602307029228,0.03413167858610711,1.014111610042827,0.5555555555555556,0.5714285714285714,0.19047619047619047,0.2857142857142857,0.09012760973486356
frets_return_l4__fixed_shrink_a075,000570.SZ,45,0.000505370471649019,0.018966964089001167,0.022480446429041817,1.0118439126461964,0.4888888888888889,0.3076923076923077,0.2222222222222222,0.2580645161290323,-0.12009611535381536
frets_return_l4__fixed_shrink_a075,000571.SZ,45,0.0007177488939926825,0.018740280793927977,0.02679083600772254,191.83023813421775,0.4222222222222222,0.6666666666666666,0.26666666666666666,0.3809523809523809,0.0
frets_return_l4__fixed_shrink_a075,000572.SZ,45,0.0012721702061733754,0.027862667558171437,0.03566749509249809,0.9727529207647007,0.5333333333333333,0.0,0.0,0.0,-0.2773500981126146
frets_return_l4__fixed_shrink_a075,000576.SZ,45,0.0009818636474336559,0.02513644476421173,0.03133470356383886,1.0852424639281988,0.4444444444444444,0.45454545454545453,0.20833333333333334,0.28571428571428575,-0.08982837383370208
frets_return_l4__fixed_shrink_a075,000586.SZ,45,0.0040425541491304106,0.04629412135756053,0.06358108326483916,0.9689401615875103,0.4666666666666667,0.6666666666666666,0.2222222222222222,0.3333333333333333,0.06804138174397717
frets_return_l4__fixed_shrink_a075,000590.SZ,45,0.0008617752472146672,0.02340886591571482,0.029356008707156822,0.9781668064521488,0.5333333333333333,0.36363636363636365,0.2222222222222222,0.27586206896551724,-0.0422200330920749
frets_return_l4__fixed_shrink_a075,000596.SZ,45,0.0017627092070234675,0.033495691201339134,0.041984630604823325,0.9278085590832416,0.6888888888888889,0.5454545454545454,0.4,0.4615384615384615,0.25594534844449573
frets_return_l4__fixed_shrink_a075,000598.SZ,45,0.0005162411174851972,0.017429848800465015,0.022720940066053543,60.22765268216008,0.5111111111111111,0.5714285714285714,0.3333333333333333,0.4210526315789474,0.05131580057907854
frets_return_l4__fixed_shrink_a075,000605.SZ,45,0.0007667903881387226,0.021450982453663694,0.027690980266843617,153.24450875208993,0.5555555555555556,0.5384615384615384,0.3333333333333333,0.41176470588235287,0.09172492321316784
frets_return_l4__fixed_shrink_a075,000607.SZ,45,0.0032706831311822863,0.047718639476483464,0.05718988661627409,109.41621963549174,0.5777777777777777,0.9,0.3333333333333333,0.48648648648648646,0.3273268353539886
frets_return_l4__fixed_shrink_a075,000610.SZ,45,0.006625404746405073,0.06156753798519877,0.08139658927992667,1.1545794330337604,0.4222222222222222,0.7,0.23333333333333334,0.35,0.03779644730092272
frets_return_l4__fixed_shrink_a075,000615.SZ,45,0.013703864025003601,0.08248557869422558,0.11706350424023536,0.985408764146702,0.6666666666666666,0.3125,0.5555555555555556,0.39999999999999997,0.20890725544918334
frets_return_l4__fixed_shrink_a075,000617.SZ,45,0.005492419946009791,0.0602931764862862,0.07411086253721373,1.0875994704520309,0.5555555555555556,0.8181818181818182,0.3333333333333333,0.4736842105263157,0.2533201985524494
frets_return_l4__fixed_shrink_a075,000627.SZ,45,0.0011975474404597576,0.028029146555733506,0.03460559839765465,1.0384721755660125,0.37777777777777777,0.1111111111111111,0.047619047619047616,0.06666666666666667,-0.3563483225498992
frets_return_l4__fixed_shrink_a075,000628.SZ,45,0.001931102631619464,0.034308788076224186,0.04394431284727825,0.9972267765397184,0.5555555555555556,0.5454545454545454,0.2857142857142857,0.37499999999999994,0.08982837383370208
frets_return_l4__fixed_shrink_a075,000631.SZ,45,0.0009538394089085515,0.024658766725204014,0.030884290649269435,265.8799197474698,0.5333333333333333,0.75,0.3333333333333333,0.46153846153846156,0.1846372364689991
frets_return_l4__fixed_shrink_a075,000632.SZ,45,0.0006569026938470804,0.020165053367640573,0.025630113028371145,57.50005634514386,0.5333333333333333,0.3125,0.3333333333333333,0.3225806451612903,-0.032826608214930636
frets_return_l4__fixed_shrink_a075,000633.SZ,45,0.002184545691964632,0.04115530763584598,0.04673912378259387,0.9617839896961939,0.5777777777777777,0.5833333333333334,0.3333333333333333,0.4242424242424242,0.14101901870444156
frets_return_l4__fixed_shrink_a075,000635.SZ,45,0.002635840958383818,0.031771821292608714,0.05134044174316986,1.063436235967652,0.5111111111111111,0.5833333333333334,0.2916666666666667,0.38888888888888895,0.06043672230190352
frets_return_l4__fixed_shrink_a075,000637.SZ,45,0.004276617362467816,0.03923954494659684,0.06539585126342355,1.070454315920125,0.6,0.25,0.25,0.25,-0.022727272727272728
frets_return_l4__fixed_shrink_a075,000638.SZ,45,0.0021767633706793266,0.03522602232470587,0.04665579675323664,0.9722961424461237,0.6,0.5,0.3333333333333333,0.4,0.12309149097933272
frets_return_l4__fixed_shrink_a075,000655.SZ,45,0.001158231657671181,0.02957242929454269,0.034032802671410727,0.9894620984448095,0.5777777777777777,0.3333333333333333,0.26666666666666666,0.2962962962962963,0.0
frets_return_l4__fixed_shrink_a075,000669.SZ,45,0.001077477000929165,0.028960452907873895,0.03282494479704673,1.0196655047228722,0.5111111111111111,0.4444444444444444,0.19047619047619047,0.26666666666666666,-0.0222717701593687
frets_return_l4__fixed_shrink_a075,000697.SZ,45,0.00487504536232815,0.05434091001063478,0.06982152506446812,0.9478514428865538,0.6,0.5,0.2777777777777778,0.35714285714285715,0.1091089451179962
frets_return_l4__fixed_shrink_a075,000707.SZ,45,0.0009942079373580592,0.021969043391032318,0.03153106305467767,0.9672330153958457,0.6,0.07142857142857142,0.16666666666666666,0.1,-0.12238038456119357
frets_return_l4__fixed_shrink_a075,000710.SZ,45,0.0070698511729340024,0.05629910904422605,0.08408240703580032,1.8013672542421293,0.4444444444444444,0.45454545454545453,0.20833333333333334,0.28571428571428575,-0.08982837383370208
frets_return_l4__fixed_shrink_a075,000718.SZ,45,0.0007727933149293274,0.020406012292692594,0.027799160327774783,439.07522339746964,0.4666666666666667,0.5882352941176471,0.37037037037037035,0.45454545454545453,-0.018712029714127994
frets_return_l4__fixed_shrink_a075,000723.SZ,45,0.0005163216443693489,0.017469212678649114,0.0227227120821734,0.9799721242603239,0.6444444444444445,0.46153846153846156,0.4,0.42857142857142855,0.1733438113203841
frets_return_l4__fixed_shrink_a075,000736.SZ,45,0.0027067559975654048,0.03952575110015456,0.052026493227637444,0.971685039666549,0.6,0.6153846153846154,0.38095238095238093,0.47058823529411764,0.1900016266558477
frets_return_l4__fixed_shrink_a075,000738.SZ,45,0.0011044357971052195,0.02797137837882875,0.033233052780405524,0.9365226024394953,0.5777777777777777,0.26666666666666666,0.3333333333333333,0.2962962962962963,0.0
frets_return_l4__fixed_shrink_a075,000755.SZ,45,0.0010292940800819227,0.023148063523694855,0.03208261336116375,0.9176144520406613,0.7777777777777778,0.4666666666666667,0.7777777777777778,0.5833333333333334,0.4714045207910317
frets_return_l4__fixed_shrink_a075,000820.SZ,45,0.0010341385876701703,0.0246647408949987,0.032158025245188335,0.9343176243965562,0.6444444444444445,0.14285714285714285,0.3333333333333333,0.2,0.018827751470952857
frets_return_l4__fixed_shrink_a075,000839.SZ,45,0.00038639203138351276,0.015473925974220006,0.019656857108487937,0.9531661222969147,0.6444444444444445,0.2222222222222222,0.6666666666666666,0.3333333333333333,0.21350420507344953
frets_return_l4__fixed_shrink_a075,000906.SZ,45,0.0005581830700356365,0.017681909454727692,0.023625898290554722,1.085320940506705,0.4,0.3333333333333333,0.125,0.18181818181818182,-0.20044593143431827
frets_return_l4__fixed_shrink_a075,000927.SZ,45,0.001123269270126654,0.028472495375252812,0.033515209534279417,0.9705065835492149,0.6,0.5,0.2777777777777778,0.35714285714285715,0.1091089451179962
frets_return_l4__fixed_shrink_a075,000968.SZ,45,0.0006422808434949817,0.017607877118926876,0.025343260316995162,0.995674469513329,0.6,0.5,0.2777777777777778,0.35714285714285715,0.1091089451179962
naive,000004.SZ,45,0.00373368630858008,0.042119673639535865,0.0611038976545693,0.9333333333333333,0.7333333333333333,0.7333333333333333,1.0,0.846153846153846,0.0
naive,000005.SZ,45,0.005050357005935897,0.040917626923571,0.0710658638583666,0.9333333333333333,0.3333333333333333,0.3333333333333333,1.0,0.5,0.0
naive,000007.SZ,45,0.004869008642851757,0.04609691344667222,0.06977828202852057,1.0,0.26666666666666666,0.26666666666666666,1.0,0.4210526315789474,0.0
naive,000008.SZ,45,0.0009055810303111911,0.02515155266349509,0.03009287341400271,1.0,0.4,0.4,1.0,0.5714285714285715,0.0
naive,000009.SZ,45,0.0008427594465192702,0.02392507122519111,0.029030319435363956,1.0,0.5333333333333333,0.5333333333333333,1.0,0.6956521739130436,0.0
naive,000010.SZ,45,0.001742833029346593,0.03160913330502804,0.041747251758009085,0.9333333333333333,0.2,0.2,1.0,0.33333333333333337,0.0
naive,000011.SZ,45,0.0011562694468128967,0.028797826233009464,0.03400396222226017,1.0,0.4,0.4,1.0,0.5714285714285715,0.0
naive,000014.SZ,45,0.001843443526504038,0.032715886753673304,0.042935341229621525,1.0,0.4,0.4,1.0,0.5714285714285715,0.0
naive,000017.SZ,45,0.0009489702424192577,0.023430695850402073,0.03080536061173863,0.8666666666666667,0.5333333333333333,0.5333333333333333,1.0,0.6956521739130436,0.0
naive,000020.SZ,45,0.0020166372100719424,0.030114781996235216,0.04490698397879713,1.0,0.5333333333333333,0.5333333333333333,1.0,0.6956521739130436,0.0
naive,000023.SZ,45,0.0029053383631269963,0.04313248967130975,0.05390119073941685,1.0,0.13333333333333333,0.13333333333333333,1.0,0.23529411764705882,0.0
naive,000025.SZ,45,0.0008392590557606439,0.02112795573193575,0.028969968169824487,1.0,0.4666666666666667,0.4666666666666667,1.0,0.6363636363636364,0.0
naive,000030.SZ,45,0.0005085734349099546,0.018564926212032602,0.022551572781292984,0.9333333333333333,0.5333333333333333,0.5333333333333333,1.0,0.6956521739130436,0.0
naive,000034.SZ,45,0.004035243267279386,0.049008644030739824,0.06352356466130805,1.0,0.6666666666666666,0.6666666666666666,1.0,0.8,0.0
naive,000035.SZ,45,0.0006001081552201871,0.020856831129640294,0.024497105037538356,0.9333333333333333,0.4666666666666667,0.4666666666666667,1.0,0.6363636363636364,0.0
naive,000036.SZ,45,0.000539509636050133,0.01996965121167397,0.023227346728589837,1.0,0.4666666666666667,0.4666666666666667,1.0,0.6363636363636364,0.0
naive,000037.SZ,45,0.0013068232993861154,0.027295789246757775,0.03615001105651443,1.0,0.5333333333333333,0.5333333333333333,1.0,0.6956521739130436,0.0
naive,000040.SZ,45,0.002248415805998479,0.03799049270649747,0.047417463091127925,1.0,0.4,0.4,1.0,0.5714285714285715,0.0
naive,000046.SZ,45,0.0036075694103431546,0.049345428682863686,0.06006304529694739,0.9333333333333333,0.4,0.4,1.0,0.5714285714285715,0.0
naive,000048.SZ,45,0.0033208965600497564,0.04129370972514148,0.05762722065178709,1.0,0.4666666666666667,0.4666666666666667,1.0,0.6363636363636364,0.0
naive,000049.SZ,45,0.0009465489546362523,0.024428534243876678,0.030766035731570166,1.0,0.4,0.4,1.0,0.5714285714285715,0.0
naive,000056.SZ,45,0.002215933675771591,0.03482466706385212,0.047073704716875546,1.0,0.2,0.2,1.0,0.33333333333333337,0.0
naive,000058.SZ,45,0.0013818359774190633,0.027942640008404813,0.03717305445371773,0.9333333333333333,0.5333333333333333,0.5333333333333333,1.0,0.6956521739130436,0.0
naive,000059.SZ,45,0.002172200551906401,0.039131582342088175,0.04660687236777856,1.0,0.4,0.4,1.0,0.5714285714285715,0.0
naive,000068.SZ,45,0.0015622583256111767,0.030462073348462536,0.03952541366780589,0.8666666666666667,0.3333333333333333,0.3333333333333333,1.0,0.5,0.0
naive,000070.SZ,45,0.009152327535381985,0.07606610618531702,0.09566779779728384,1.0,0.5333333333333333,0.5333333333333333,1.0,0.6956521739130436,0.0
naive,000078.SZ,45,0.0002900502253937026,0.013703489148368386,0.017030860970417866,0.9333333333333333,0.5333333333333333,0.5333333333333333,1.0,0.6956521739130436,0.0
naive,000100.SZ,45,0.00204366222053614,0.036224389433239856,0.04520688244654944,1.0,0.6,0.6,1.0,0.7499999999999999,0.0
naive,000156.SZ,45,0.0026204406956578255,0.039968150202184874,0.05119024023832888,1.0,0.6666666666666666,0.6666666666666666,1.0,0.8,0.0
naive,000403.SZ,45,0.002011053751060924,0.03624405994002391,0.04484477395484254,1.0,0.4,0.4,1.0,0.5714285714285715,0.0
naive,000408.SZ,45,0.000754869947550803,0.023888328454146728,0.02747489667952917,1.0,0.4666666666666667,0.4666666666666667,1.0,0.6363636363636364,0.0
naive,000409.SZ,45,0.005521167550705996,0.043730911938473546,0.07430455942071117,1.0,0.4,0.4,1.0,0.5714285714285715,0.0
naive,000410.SZ,45,0.0041455420588554824,0.044271423590059034,0.06438588400305988,1.0,0.6666666666666666,0.6666666666666666,1.0,0.8,0.0
naive,000413.SZ,45,0.0005913245605125152,0.018837259740879093,0.024317165963831294,0.8666666666666667,0.5333333333333333,0.5333333333333333,1.0,0.6956521739130436,0.0
naive,000415.SZ,45,0.000560401846928566,0.019521118793636515,0.023672808175807237,0.8666666666666667,0.5333333333333333,0.5333333333333333,1.0,0.6956521739130436,0.0
naive,000422.SZ,45,0.0009617965092725957,0.024661966941008934,0.031012844262863017,1.0,0.4,0.4,1.0,0.5714285714285715,0.0
naive,000430.SZ,45,0.0019577319627006994,0.03577249050916479,0.0442462649576289,1.0,0.4,0.4,1.0,0.5714285714285715,0.0
naive,000488.SZ,45,0.0004811596465753088,0.018572371794531695,0.02193535152613946,1.0,0.4,0.4,1.0,0.5714285714285715,0.0
naive,000504.SZ,45,0.00393862567496889,0.04386906046420331,0.06275847094192855,0.9333333333333333,0.4666666666666667,0.4666666666666667,1.0,0.6363636363636364,0.0
naive,000505.SZ,45,0.0005099745771989893,0.019356961858769204,0.022582616703982497,1.0,0.4666666666666667,0.4666666666666667,1.0,0.6363636363636364,0.0
naive,000506.SZ,45,0.0021464317133569957,0.03621200087169802,0.046329598674680915,1.0,0.4666666666666667,0.4666666666666667,1.0,0.6363636363636364,0.0
naive,000507.SZ,45,0.00039841994099204894,0.017638277060662656,0.019960459438400933,1.0,0.5333333333333333,0.5333333333333333,1.0,0.6956521739130436,0.0
naive,000509.SZ,45,0.0010074713832538555,0.028752820224811584,0.03174068970980082,1.0,0.4,0.4,1.0,0.5714285714285715,0.0
naive,000514.SZ,45,0.0014905396813738323,0.03231987150696413,0.03860750809588508,1.0,0.5333333333333333,0.5333333333333333,1.0,0.6956521739130436,0.0
naive,000516.SZ,45,0.0017341373123232434,0.033758981879024416,0.04164297434529915,1.0,0.5333333333333333,0.5333333333333333,1.0,0.6956521739130436,0.0
naive,000517.SZ,45,0.001971749088181939,0.03190024321277932,0.044404381407491075,1.0,0.4,0.4,1.0,0.5714285714285715,0.0
naive,000518.SZ,45,0.0003322948376799782,0.01500634443946177,0.018228956022767133,1.0,0.3333333333333333,0.3333333333333333,1.0,0.5,0.0
naive,000520.SZ,45,0.0005562442823523874,0.018588267111529864,0.02358483161594306,0.9333333333333333,0.4,0.4,1.0,0.5714285714285715,0.0
naive,000525.SZ,45,0.005750905345948349,0.060341760128115575,0.07583472387995059,1.0,0.4,0.4,1.0,0.5714285714285715,0.0
naive,000526.SZ,45,0.007067735238607915,0.06302297745908919,0.08406982359091707,1.0,0.4666666666666667,0.4666666666666667,1.0,0.6363636363636364,0.0
naive,000533.SZ,45,0.0007897501764079283,0.02144312063852942,0.028102494131445492,0.9333333333333333,0.4,0.4,1.0,0.5714285714285715,0.0
naive,000536.SZ,45,0.0021379169687864054,0.03559352230901516,0.04623761422031208,0.9333333333333333,0.4666666666666667,0.4666666666666667,1.0,0.6363636363636364,0.0
naive,000537.SZ,45,0.0008097342591643374,0.02288916142812615,0.028455829967940445,1.0,0.4,0.4,1.0,0.5714285714285715,0.0
naive,000544.SZ,45,0.0016902158268627268,0.0315863704231257,0.041112234515563936,1.0,0.5333333333333333,0.5333333333333333,1.0,0.6956521739130436,0.0
naive,000545.SZ,45,0.0005937715076331087,0.017174953672413982,0.02436742718534537,0.9333333333333333,0.5333333333333333,0.5333333333333333,1.0,0.6956521739130436,0.0
naive,000548.SZ,45,0.0007599487906293094,0.021605051138127777,0.027567168708978972,1.0,0.26666666666666666,0.26666666666666666,1.0,0.4210526315789474,0.0
naive,000550.SZ,45,0.0011058660870360256,0.024324629153124933,0.03325456490522806,0.9333333333333333,0.4,0.4,1.0,0.5714285714285715,0.0
naive,000552.SZ,45,0.00056163714430953,0.01948689127651349,0.023698884874810672,0.9333333333333333,0.5333333333333333,0.5333333333333333,1.0,0.6956521739130436,0.0
naive,000557.SZ,45,0.0007513371736997587,0.02368259239010509,0.027410530343277905,1.0,0.4,0.4,1.0,0.5714285714285715,0.0
naive,000560.SZ,45,0.004582332395963729,0.05660178260877725,0.06769292722259637,1.0,0.4,0.4,1.0,0.5714285714285715,0.0
naive,000561.SZ,45,0.0015566101272780435,0.03260999071256565,0.039453898758906494,1.0,0.4,0.4,1.0,0.5714285714285715,0.0
naive,000564.SZ,45,0.002594288697421052,0.03668827833607789,0.050934160417356954,0.8,0.3333333333333333,0.3333333333333333,1.0,0.5,0.0
naive,000566.SZ,45,0.0022268769479508736,0.03272860897704955,0.0471897970746948,0.9333333333333333,0.6,0.6,1.0,0.7499999999999999,0.0
naive,000567.SZ,45,0.001170596681110615,0.02791267785554126,0.03421398370711331,1.0,0.4666666666666667,0.4666666666666667,1.0,0.6363636363636364,0.0
naive,000570.SZ,45,0.0005008348277586326,0.018837305096288476,0.022379339305677294,1.0,0.4,0.4,1.0,0.5714285714285715,0.0
naive,000571.SZ,45,0.0007260442998362818,0.018521888305743497,0.026945209218639996,0.8,0.6666666666666666,0.6666666666666666,1.0,0.8,0.0
naive,000572.SZ,45,0.0012644159245911615,0.028365014617641727,0.03555862658471445,1.0,0.13333333333333333,0.13333333333333333,1.0,0.23529411764705882,0.0
naive,000576.SZ,45,0.0009829842658725797,0.025336805921203107,0.031352579891814,1.0,0.5333333333333333,0.5333333333333333,1.0,0.6956521739130436,0.0
naive,000586.SZ,45,0.004129257338153819,0.0476538700672487,0.06425929767865363,1.0,0.6,0.6,1.0,0.7499999999999999,0.0
naive,000590.SZ,45,0.0008522072609243208,0.02335018963397786,0.029192589143896105,1.0,0.4,0.4,1.0,0.5714285714285715,0.0
naive,000596.SZ,45,0.0018662185430491421,0.03521083345015839,0.043199751654947535,1.0,0.3333333333333333,0.3333333333333333,1.0,0.5,0.0
naive,000598.SZ,45,0.0005220270780395777,0.017584782543902562,0.022847911896704647,0.9333333333333333,0.5333333333333333,0.5333333333333333,1.0,0.6956521739130436,0.0
naive,000605.SZ,45,0.0007544820976117396,0.02147877228756741,0.027467837512475196,0.9333333333333333,0.4666666666666667,0.4666666666666667,1.0,0.6363636363636364,0.0
naive,000607.SZ,45,0.0035461483479645017,0.049304392250875614,0.05954954532122392,0.9333333333333333,0.6,0.6,1.0,0.7499999999999999,0.0
naive,000610.SZ,45,0.006434126620958477,0.06055497843772169,0.08021300780396205,1.0,0.6666666666666666,0.6666666666666666,1.0,0.8,0.0
naive,000615.SZ,45,0.014178251653334658,0.08434141967445608,0.11907246387530014,1.0,0.2,0.2,1.0,0.33333333333333337,0.0
naive,000617.SZ,45,0.005409952121974829,0.059185568988323174,0.07355237672553368,1.0,0.6,0.6,1.0,0.7499999999999999,0.0
naive,000627.SZ,45,0.0011669166052267984,0.027485600113868674,0.03416016108315063,1.0,0.4666666666666667,0.4666666666666667,1.0,0.6363636363636364,0.0
naive,000628.SZ,45,0.001985175810298784,0.03505585485448437,0.044555311807895404,1.0,0.4666666666666667,0.4666666666666667,1.0,0.6363636363636364,0.0
naive,000631.SZ,45,0.0010180325295312783,0.025174188055098017,0.03190662203260129,0.9333333333333333,0.6,0.6,1.0,0.7499999999999999,0.0
naive,000632.SZ,45,0.0006637463715298751,0.020390173280611587,0.025763275636647508,0.9333333333333333,0.3333333333333333,0.3333333333333333,1.0,0.5,0.0
naive,000633.SZ,45,0.0022605552898810172,0.042227760205666175,0.04754529724253512,1.0,0.4666666666666667,0.4666666666666667,1.0,0.6363636363636364,0.0
naive,000635.SZ,45,0.0028094546309449238,0.03361762228111421,0.053004288797652246,1.0,0.5333333333333333,0.5333333333333333,1.0,0.6956521739130436,0.0
naive,000637.SZ,45,0.0043216208561917616,0.03943870728059357,0.0657390360150783,1.0,0.26666666666666666,0.26666666666666666,1.0,0.4210526315789474,0.0
naive,000638.SZ,45,0.002347624591917735,0.036510997700194475,0.048452291916045984,1.0,0.4,0.4,1.0,0.5714285714285715,0.0
naive,000655.SZ,45,0.0011737055009076844,0.02978805208889143,0.034259385588589944,1.0,0.3333333333333333,0.3333333333333333,1.0,0.5,0.0
naive,000669.SZ,45,0.0010488285163293258,0.028544111177325204,0.0323856220617935,1.0,0.4666666666666667,0.4666666666666667,1.0,0.6363636363636364,0.0
naive,000697.SZ,45,0.004831479852261247,0.0547204378371437,0.06950884729486778,1.0,0.4,0.4,1.0,0.5714285714285715,0.0
naive,000707.SZ,45,0.0010149035701615215,0.022676025086548136,0.031857551226695396,1.0,0.13333333333333333,0.13333333333333333,1.0,0.23529411764705882,0.0
naive,000710.SZ,45,0.007256623324671149,0.056335267855320094,0.08518581645245381,1.0,0.5333333333333333,0.5333333333333333,1.0,0.6956521739130436,0.0
naive,000718.SZ,45,0.000790502724420984,0.020072357247893968,0.028115880288921848,0.8,0.6,0.6,1.0,0.7499999999999999,0.0
naive,000723.SZ,45,0.0005519767126511356,0.018003044060120932,0.02349418465601936,1.0,0.3333333333333333,0.3333333333333333,1.0,0.5,0.0
naive,000736.SZ,45,0.002846490859494756,0.040859939708995284,0.05335251502501785,1.0,0.4666666666666667,0.4666666666666667,1.0,0.6363636363636364,0.0
naive,000738.SZ,45,0.0010986013767685233,0.028375486416431724,0.03314515615845735,1.0,0.26666666666666666,0.26666666666666666,1.0,0.4210526315789474,0.0
naive,000755.SZ,45,0.001069969963025271,0.024212424519161342,0.032710395335814435,1.0,0.2,0.2,1.0,0.33333333333333337,0.0
naive,000820.SZ,45,0.001056724703403256,0.02513356963172551,0.032507302308916006,1.0,0.13333333333333333,0.13333333333333333,1.0,0.23529411764705882,0.0
naive,000839.SZ,45,0.0004007760894296992,0.015990769475077545,0.020019392833692515,1.0,0.13333333333333333,0.13333333333333333,1.0,0.23529411764705882,0.0
naive,000906.SZ,45,0.0005544217787048763,0.017386605706997165,0.02354616271720036,1.0,0.5333333333333333,0.5333333333333333,1.0,0.6956521739130436,0.0
naive,000927.SZ,45,0.0011625205427113884,0.02899990704221026,0.03409575549406976,1.0,0.4,0.4,1.0,0.5714285714285715,0.0
naive,000968.SZ,45,0.0006572229202659811,0.017931157412628282,0.025636359341099528,1.0,0.4,0.4,1.0,0.5714285714285715,0.0
stock_node_gwnet_feature_mask_l8,000004.SZ,45,0.0038052803616331313,0.042814797100921426,0.06168695454983275,207.78047001019917,0.4888888888888889,0.7083333333333334,0.5151515151515151,0.5964912280701754,-0.06043672230190352
stock_node_gwnet_feature_mask_l8,000005.SZ,45,0.005253647178189071,0.042321559349592315,0.07248204728199302,280.16142443819604,0.4,0.35,0.9333333333333333,0.5090909090909091,0.1
stock_node_gwnet_feature_mask_l8,000007.SZ,45,0.005133309901714948,0.046142899483028355,0.07164712067986367,1.1434505849518706,0.6222222222222222,0.14285714285714285,0.08333333333333333,0.10526315789473685,-0.12016450333006204
stock_node_gwnet_feature_mask_l8,000008.SZ,45,0.0009048367251813419,0.02386031046044077,0.030080504071264197,0.8848966345245843,0.5777777777777777,0.0,0.0,0.0,-0.12309149097933274
stock_node_gwnet_feature_mask_l8,000009.SZ,45,0.0008796690539161723,0.02380908519133093,0.029659215328733366,1.385109303949867,0.4666666666666667,0.0,0.0,0.0,0.0
stock_node_gwnet_feature_mask_l8,000010.SZ,45,0.0015446546179707218,0.030077458297212888,0.039302094320414045,361.5761212699526,0.6444444444444445,0.23076923076923078,0.3333333333333333,0.27272727272727276,0.04902903378454601
stock_node_gwnet_feature_mask_l8,000011.SZ,45,0.0010595656920191552,0.027844607579107873,0.03255097067706515,0.9638880669656178,0.5555555555555556,0.4375,0.3888888888888889,0.411764705882353,0.05685735326841775
stock_node_gwnet_feature_mask_l8,000014.SZ,45,0.0017304937004181725,0.031280321172542,0.041599203122393735,1.026634233520209,0.7111111111111111,0.7777777777777778,0.3888888888888889,0.5185185185185185,0.3855678298825373
stock_node_gwnet_feature_mask_l8,000017.SZ,45,0.000882257315866402,0.023174823867157066,0.029702816631868467,396.575076408707,0.6222222222222222,0.8181818181818182,0.375,0.5142857142857142,0.32476412078338446
stock_node_gwnet_feature_mask_l8,000020.SZ,45,0.002071337659297165,0.02898791932966558,0.04551195073051874,0.8864094091722142,0.6444444444444445,0.7857142857142857,0.4583333333333333,0.5789473684210527,0.3399671788363953
stock_node_gwnet_feature_mask_l8,000023.SZ,45,0.0031191104027511723,0.04413945735432202,0.055848996434592915,1.0281280676578106,0.3333333333333333,0.1,0.5,0.16666666666666669,-0.1386750490563073
stock_node_gwnet_feature_mask_l8,000025.SZ,45,0.0006807840694917584,0.01996250245202742,0.02609183913586312,1.241003123791681,0.5555555555555556,0.5714285714285714,0.19047619047619047,0.2857142857142857,0.09012760973486356
stock_node_gwnet_feature_mask_l8,000030.SZ,45,0.0004778034108248425,0.01784932042420323,0.0218587147569303,277.7381952877254,0.6888888888888889,1.0,0.4166666666666667,0.5882352941176471,0.5
stock_node_gwnet_feature_mask_l8,000034.SZ,45,0.00464814185933037,0.055387173618914314,0.06817728257513914,1.53613641958313,0.3333333333333333,0.0,0.0,0.0,0.0
stock_node_gwnet_feature_mask_l8,000035.SZ,45,0.0005472326410991198,0.019356143922131055,0.02339300410590995,166.23932972945056,0.6,0.8,0.19047619047619047,0.3076923076923077,0.236227795630767
stock_node_gwnet_feature_mask_l8,000036.SZ,45,0.0005584202933711643,0.020412913647790715,0.023630918166062956,1.1364893478307694,0.5333333333333333,0.5,0.3333333333333333,0.4,0.04490132550669372
stock_node_gwnet_feature_mask_l8,000037.SZ,45,0.0012988516417884546,0.026348985915279174,0.03603958437313692,0.9311729692164787,0.6444444444444445,0.8333333333333334,0.4166666666666667,0.5555555555555556,0.36262033381142117
stock_node_gwnet_feature_mask_l8,000040.SZ,45,0.0020539947255916527,0.0361701216962602,0.045321018585107425,0.9770603995545079,0.5777777777777777,0.0,0.0,0.0,-0.12309149097933274
stock_node_gwnet_feature_mask_l8,000046.SZ,45,0.0035081085026380447,0.04847735950412849,0.05922928754119911,44.544517774155715,0.6666666666666666,0.8,0.2222222222222222,0.3478260869565218,0.28867513459481287
stock_node_gwnet_feature_mask_l8,000048.SZ,45,0.0037715927553856133,0.04171516504656106,0.06141329461432283,1.0000070420939828,0.5333333333333333,0.0,0.0,0.0,0.0
stock_node_gwnet_feature_mask_l8,000049.SZ,45,0.0008424520393649387,0.022739445143896617,0.0290250243645882,1.2159843630466605,0.6,0.0,0.0,0.0,0.0
stock_node_gwnet_feature_mask_l8,000056.SZ,45,0.0019701085780090763,0.0319327264248083,0.044385905172803185,0.9480344971963608,0.7555555555555555,0.0,0.0,0.0,-0.10783277320343843
stock_node_gwnet_feature_mask_l8,000058.SZ,45,0.0012298309333345049,0.02648488434755964,0.03506894542660935,55.931295713163934,0.6,1.0,0.25,0.4,0.3668996928526714
stock_node_gwnet_feature_mask_l8,000059.SZ,45,0.002113808613922313,0.038839531250091014,0.04597617441591148,0.9788860041613009,0.5555555555555556,0.0,0.0,0.0,-0.17609018126512477
stock_node_gwnet_feature_mask_l8,000068.SZ,45,0.001481240599126719,0.02914150963382171,0.03848688866518985,152.6892654419108,0.6888888888888889,0.5454545454545454,0.4,0.4615384615384615,0.25594534844449573
stock_node_gwnet_feature_mask_l8,000070.SZ,45,0.009909100303008405,0.07673270151846935,0.09954446394957585,1.0800345839743288,0.4666666666666667,0.0,0.0,0.0,0.0
stock_node_gwnet_feature_mask_l8,000078.SZ,45,0.00028138983920373336,0.013777248809734929,0.016774678512678963,485.22003859618366,0.4888888888888889,0.5333333333333333,0.3333333333333333,0.4102564102564102,0.0
stock_node_gwnet_feature_mask_l8,000100.SZ,45,0.002394536014131043,0.03854190338816902,0.04893399650683605,1.6446998081286959,0.4,0.0,0.0,0.0,0.0
stock_node_gwnet_feature_mask_l8,000156.SZ,45,0.0026101963850941427,0.04124700988177204,0.0510900810832606,1.630101466077913,0.35555555555555557,1.0,0.03333333333333333,0.06451612903225806,0.10660035817780522
stock_node_gwnet_feature_mask_l8,000403.SZ,45,0.0020705521042256245,0.035210039920639195,0.04550331970555142,1.0345961311654912,0.6,0.5,0.2222222222222222,0.30769230769230765,0.0949157995752499
stock_node_gwnet_feature_mask_l8,000408.SZ,45,0.0007023741177998756,0.02263164131695193,0.026502341741813602,1.087210336451468,0.5555555555555556,1.0,0.047619047619047616,0.0909090909090909,0.16116459280507606
stock_node_gwnet_feature_mask_l8,000409.SZ,45,0.005815049642690441,0.04305298847870689,0.07625647279208789,1.6691738186101535,0.6,0.0,0.0,0.0,0.0
stock_node_gwnet_feature_mask_l8,000410.SZ,45,0.004105536651871155,0.04442425427906624,0.06407446177589911,1.1676109723472559,0.4888888888888889,1.0,0.23333333333333334,0.37837837837837834,0.30348848933344197
stock_node_gwnet_feature_mask_l8,000413.SZ,45,0.0005484338792165677,0.018363030767068213,0.023418665188617554,268.71217834327274,0.5555555555555556,0.6666666666666666,0.3333333333333333,0.4444444444444444,0.16116459280507606
stock_node_gwnet_feature_mask_l8,000415.SZ,45,0.0005527346381618996,0.01957753691822286,0.023510309188989827,209.84660101972352,0.4,0.2857142857142857,0.08333333333333333,0.12903225806451613,-0.21302889573695022
stock_node_gwnet_feature_mask_l8,000422.SZ,45,0.0007694122851704572,0.022810492126478066,0.02773828194338029,1.2039565937869448,0.6444444444444445,1.0,0.1111111111111111,0.19999999999999998,0.26413527189768715
stock_node_gwnet_feature_mask_l8,000430.SZ,45,0.0019080439021551235,0.03527881270533218,0.04368116186819123,1.6166387482226716,0.5777777777777777,0.0,0.0,0.0,-0.12309149097933274
stock_node_gwnet_feature_mask_l8,000488.SZ,45,0.0004287189315865286,0.01774316520895806,0.02070552901006223,1.116403605913271,0.6444444444444445,1.0,0.1111111111111111,0.19999999999999998,0.26413527189768715
stock_node_gwnet_feature_mask_l8,000504.SZ,45,0.0039174291397656704,0.04322262594941999,0.06258936922326083,99.3303147614015,0.5111111111111111,0.47058823529411764,0.38095238095238093,0.42105263157894735,0.006124949469375316
stock_node_gwnet_feature_mask_l8,000505.SZ,45,0.0005005619588401307,0.019662291473812467,0.022373242027925472,1.1606182599957284,0.4222222222222222,0.2222222222222222,0.09523809523809523,0.13333333333333333,-0.2449894717530557
stock_node_gwnet_feature_mask_l8,000506.SZ,45,0.002058934046344427,0.03522383220907711,0.04537547846959222,1.218554779187228,0.5333333333333333,0.5,0.14285714285714285,0.22222222222222224,0.026207120918047954
stock_node_gwnet_feature_mask_l8,000507.SZ,45,0.0003405306084646988,0.016442848537634613,0.018453471447527122,0.9583055588575368,0.6444444444444445,1.0,0.3333333333333333,0.5,0.4349588362008401
stock_node_gwnet_feature_mask_l8,000509.SZ,45,0.000998691240603075,0.028505857288837373,0.031602076523593745,1.1240680408486974,0.4444444444444444,0.26666666666666666,0.2222222222222222,0.2424242424242424,-0.19245008972987526
stock_node_gwnet_feature_mask_l8,000514.SZ,45,0.0013834738237621807,0.031135919891918676,0.037195077950747474,1.0346122159488231,0.6222222222222222,0.7333333333333333,0.4583333333333333,0.5641025641025641,0.2834733547569204
stock_node_gwnet_feature_mask_l8,000516.SZ,45,0.0018585105958233532,0.0368684459671688,0.04311044648137332,2.8025089989364704,0.37777777777777777,0.0,0.0,0.0,-0.3339135484518729
stock_node_gwnet_feature_mask_l8,000517.SZ,45,0.0018784679417511412,0.03077687315073687,0.04334129603220399,0.9416494999143443,0.6666666666666666,0.6666666666666666,0.3333333333333333,0.4444444444444444,0.2721655269759087
stock_node_gwnet_feature_mask_l8,000518.SZ,45,0.00033314284664989334,0.013653089240607253,0.018252201145338424,0.8186533239937559,0.7111111111111111,0.55,0.7333333333333333,0.6285714285714286,0.41109609582188933
stock_node_gwnet_feature_mask_l8,000520.SZ,45,0.0005073310717151904,0.017500682493361293,0.022524011004152668,167.14739441326944,0.5333333333333333,0.36363636363636365,0.2222222222222222,0.27586206896551724,-0.0422200330920749
stock_node_gwnet_feature_mask_l8,000525.SZ,45,0.005719618936540849,0.05857938554448383,0.07562816232423507,1.0875305375336142,0.6,0.0,0.0,0.0,0.0
stock_node_gwnet_feature_mask_l8,000526.SZ,45,0.007299392335193533,0.06180107560293333,0.08543648128986547,1.7325368461714656,0.5333333333333333,0.0,0.0,0.0,0.0
stock_node_gwnet_feature_mask_l8,000533.SZ,45,0.0006957001258589477,0.019678532533968476,0.02637612795424961,290.8421671390003,0.6888888888888889,1.0,0.2222222222222222,0.3636363636363636,0.38254602783800296
stock_node_gwnet_feature_mask_l8,000536.SZ,45,0.0021877469411334463,0.03572530146015596,0.04677335717193546,536.4633491588028,0.4222222222222222,0.14285714285714285,0.047619047619047616,0.07142857142857142,-0.27857624827139643
stock_node_gwnet_feature_mask_l8,000537.SZ,45,0.000746902708094485,0.0218682671224491,0.027329520817139935,0.9617333695565157,0.5555555555555556,0.25,0.05555555555555555,0.0909090909090909,-0.09563650695950074
stock_node_gwnet_feature_mask_l8,000544.SZ,45,0.001620983777400277,0.0305431252474793,0.04026144281319631,0.9910926634999225,0.6444444444444445,0.9,0.375,0.5294117647058825,0.39285714285714285
stock_node_gwnet_feature_mask_l8,000545.SZ,45,0.0005582762845705398,0.01725695797035258,0.023627870927583377,104.6853900442499,0.4444444444444444,0.4444444444444444,0.16666666666666666,0.24242424242424243,-0.0890870806374748
stock_node_gwnet_feature_mask_l8,000548.SZ,45,0.0006531175858909207,0.01918970492358006,0.02555616532054292,0.847111571141003,0.8,0.6666666666666666,0.5,0.5714285714285715,0.45226701686664544
stock_node_gwnet_feature_mask_l8,000550.SZ,45,0.0009303693181386982,0.022520172590803723,0.030501955972342138,232.4882208951962,0.6666666666666666,0.7142857142857143,0.2777777777777778,0.4,0.2753443958769674
stock_node_gwnet_feature_mask_l8,000552.SZ,45,0.0005539920184981027,0.019164695707149758,0.023537035040508025,216.94138966323223,0.5111111111111111,1.0,0.08333333333333333,0.15384615384615385,0.20173664619648224
stock_node_gwnet_feature_mask_l8,000557.SZ,45,0.0006917654946557321,0.022365733960436417,0.026301435220453886,0.9434763082184507,0.6222222222222222,0.6666666666666666,0.1111111111111111,0.1904761904761905,0.14547859349066158
stock_node_gwnet_feature_mask_l8,000560.SZ,45,0.004615942954854794,0.05551967656550305,0.0679407311916408,0.9509715800621353,0.5777777777777777,0.0,0.0,0.0,-0.12309149097933274
stock_node_gwnet_feature_mask_l8,000561.SZ,45,0.0013428920325493905,0.030012694355617774,0.03664549129905875,0.9401565238936355,0.6444444444444445,1.0,0.1111111111111111,0.19999999999999998,0.26413527189768715
stock_node_gwnet_feature_mask_l8,000564.SZ,45,0.0024482574297557246,0.033436752974780035,0.04947986893430221,1977.2574952849309,0.6666666666666666,0.0,0.0,0.0,0.0
stock_node_gwnet_feature_mask_l8,000566.SZ,45,0.00227897747251406,0.03238229960358386,0.04773863710365075,233.66416035877572,0.5111111111111111,1.0,0.18518518518518517,0.3125,0.28867513459481287
stock_node_gwnet_feature_mask_l8,000567.SZ,45,0.0011757724882617757,0.026902211617885325,0.03428953905000438,0.9492804897307053,0.6,0.6153846153846154,0.38095238095238093,0.47058823529411764,0.1900016266558477
stock_node_gwnet_feature_mask_l8,000570.SZ,45,0.0004192509220961409,0.017331305042737024,0.020475617746386576,0.9474281083678231,0.6222222222222222,0.5555555555555556,0.2777777777777778,0.3703703703703704,0.15876322406928006
stock_node_gwnet_feature_mask_l8,000571.SZ,45,0.0007478632526629191,0.019063452985655052,0.027347088559166937,390.34329844838356,0.4444444444444444,0.6,0.5,0.5454545454545454,-0.15811388300841897
stock_node_gwnet_feature_mask_l8,000572.SZ,45,0.0011929905216194739,0.024298349943839833,0.034539694868650384,0.7121229240139363,0.7555555555555555,0.0,0.0,0.0,-0.1386750490563073
stock_node_gwnet_feature_mask_l8,000576.SZ,45,0.001019853446269366,0.024952744140237924,0.03193514437527042,1.3596773298038047,0.4,0.2,0.041666666666666664,0.06896551724137931,-0.236227795630767
stock_node_gwnet_feature_mask_l8,000586.SZ,45,0.004147263621963161,0.04785125408476835,0.06439925171896922,1.111597716338747,0.4666666666666667,0.8,0.14814814814814814,0.25,0.14433756729740643
stock_node_gwnet_feature_mask_l8,000590.SZ,45,0.0007840780054478836,0.021884587484722298,0.02800139291977961,0.9429455452041714,0.6444444444444445,0.5625,0.5,0.5294117647058824,0.2463818641631436
stock_node_gwnet_feature_mask_l8,000596.SZ,45,0.0020521962465977817,0.03297282333434037,0.04530117268457608,0.8799928932643952,0.6,0.0,0.0,0.0,-0.1889822365046136
stock_node_gwnet_feature_mask_l8,000598.SZ,45,0.0005091232334954443,0.017395839948827988,0.022563759294396055,470.23963865310213,0.5333333333333333,1.0,0.125,0.2222222222222222,0.25
stock_node_gwnet_feature_mask_l8,000605.SZ,45,0.000660045264193263,0.02031883175950495,0.025691346095392958,103.03455155251322,0.7333333333333333,0.7142857142857143,0.7142857142857143,0.7142857142857143,0.4642857142857143
stock_node_gwnet_feature_mask_l8,000607.SZ,45,0.0033866352913071007,0.04879947088451845,0.05819480467625182,256.22248697094443,0.4,0.0,0.0,0.0,0.0
stock_node_gwnet_feature_mask_l8,000610.SZ,45,0.007314731580273868,0.06472238516435021,0.08552620405626493,1.6220703927311868,0.3333333333333333,0.0,0.0,0.0,0.0
stock_node_gwnet_feature_mask_l8,000615.SZ,45,0.014057262662605867,0.08167388509803761,0.11856332764647703,1.0263892570796551,0.7111111111111111,0.16666666666666666,0.1111111111111111,0.13333333333333333,-0.03268602252303067
stock_node_gwnet_feature_mask_l8,000617.SZ,45,0.005511498318198664,0.06155818683198751,0.07423946604198244,1.6150443660631848,0.4,0.0,0.0,0.0,0.0
stock_node_gwnet_feature_mask_l8,000627.SZ,45,0.0011518782299835908,0.02732949427380741,0.03393933160779085,0.9802963282052222,0.5333333333333333,0.5,0.047619047619047616,0.08695652173913042,0.014409760442605873
stock_node_gwnet_feature_mask_l8,000628.SZ,45,0.0019884561682683693,0.03452767601443657,0.04459210881163134,1.0626406035909723,0.4666666666666667,0.0,0.0,0.0,-0.25
stock_node_gwnet_feature_mask_l8,000631.SZ,45,0.00098894558510303,0.0245602233542336,0.03144750522860327,125.50987143946229,0.5777777777777777,0.75,0.4444444444444444,0.5581395348837209,0.227429413073671
stock_node_gwnet_feature_mask_l8,000632.SZ,45,0.0005752916630302943,0.018854183726943998,0.02398523844013843,190.65849698423128,0.7555555555555555,0.625,0.6666666666666666,0.6451612903225806,0.4595725150090289
stock_node_gwnet_feature_mask_l8,000633.SZ,45,0.0023734295883816223,0.04246633987511605,0.04871785697648884,0.9791654154895345,0.4444444444444444,0.0,0.0,0.0,-0.2921743548953888
stock_node_gwnet_feature_mask_l8,000635.SZ,45,0.002673159769770723,0.031768690466156393,0.05170260892615307,1.0775331059081623,0.5111111111111111,0.6666666666666666,0.16666666666666666,0.26666666666666666,0.10482848367219182
stock_node_gwnet_feature_mask_l8,000637.SZ,45,0.004684568074411082,0.03943725955258639,0.06844390458186238,1.150213833556082,0.6222222222222222,0.3076923076923077,0.3333333333333333,0.32,0.05913123959890826
stock_node_gwnet_feature_mask_l8,000638.SZ,45,0.0021832076677229064,0.03539602090863299,0.04672480784040643,1.067019584715047,0.5111111111111111,0.25,0.1111111111111111,0.15384615384615383,-0.14237369936287486
stock_node_gwnet_feature_mask_l8,000655.SZ,45,0.0011216614875057959,0.028638649072187623,0.0334912150795667,0.9278150420647584,0.6444444444444445,0.4444444444444444,0.26666666666666666,0.33333333333333337,0.11785113019775792
stock_node_gwnet_feature_mask_l8,000669.SZ,45,0.001071134073861058,0.0290386997473736,0.03272818470158493,1.0127587426785944,0.4666666666666667,0.45454545454545453,0.7142857142857143,0.5555555555555556,-0.040291148201269014
stock_node_gwnet_feature_mask_l8,000697.SZ,45,0.0049095711754312535,0.054036306543275674,0.07006833218673934,0.9335599750371744,0.5777777777777777,0.0,0.0,0.0,-0.12309149097933274
stock_node_gwnet_feature_mask_l8,000707.SZ,45,0.000813524957124148,0.02069631655208972,0.02852235889831253,2.021399645634215,0.8222222222222222,0.0,0.0,0.0,-0.08459098688756271
stock_node_gwnet_feature_mask_l8,000710.SZ,45,0.007153732694288169,0.057909693689240725,0.08457974163053567,1.8574862739497344,0.4444444444444444,0.3333333333333333,0.041666666666666664,0.07407407407407407,-0.10714285714285714
stock_node_gwnet_feature_mask_l8,000718.SZ,45,0.0007216909984528566,0.01979951094577292,0.026864307146339295,429.28864665293673,0.5777777777777777,0.7857142857142857,0.4074074074074074,0.5365853658536585,0.25475508554262666
stock_node_gwnet_feature_mask_l8,000723.SZ,45,0.0004972632468040015,0.01666392830924852,0.022299400144488224,0.9166934334988748,0.6444444444444445,0.3333333333333333,0.06666666666666667,0.1111111111111111,0.0
stock_node_gwnet_feature_mask_l8,000736.SZ,45,0.0026537439392253924,0.04011428005631181,0.05151450222243628,1.5423421572592064,0.5555555555555556,1.0,0.047619047619047616,0.0909090909090909,0.16116459280507606
stock_node_gwnet_feature_mask_l8,000738.SZ,45,0.0010531529974126944,0.02566124256958976,0.032452318829518094,0.9674104445768824,0.7333333333333333,0.0,0.0,0.0,0.0
stock_node_gwnet_feature_mask_l8,000755.SZ,45,0.0008395042106728793,0.021251386579953947,0.028974199051447123,0.8516364200226714,0.7555555555555555,0.3333333333333333,0.2222222222222222,0.26666666666666666,0.13074409009212268
stock_node_gwnet_feature_mask_l8,000820.SZ,45,0.0009807626685589936,0.02510884426689393,0.03131713059268032,1.1047072644730886,0.5555555555555556,0.15,0.5,0.23076923076923075,0.04385290096535146
stock_node_gwnet_feature_mask_l8,000839.SZ,45,0.0003908471115937533,0.015302086264515884,0.019769853605774455,0.9404329439094006,0.6,0.0,0.0,0.0,-0.23652495839563306
stock_node_gwnet_feature_mask_l8,000906.SZ,45,0.0005304683431180176,0.017921329845881243,0.023031898382851936,1.6504239334812938,0.5111111111111111,0.75,0.125,0.21428571428571427,0.13565237905857336
stock_node_gwnet_feature_mask_l8,000927.SZ,45,0.0010389458808092683,0.027337452883107755,0.03223268342551188,0.9988026790995513,0.6,0.0,0.0,0.0,0.0
stock_node_gwnet_feature_mask_l8,000968.SZ,45,0.0005940620484442276,0.017466754158441344,0.02437338811991939,1.2532197668455067,0.5555555555555556,0.4166666666666667,0.2777777777777778,0.33333333333333337,0.020515248496555456
stock_node_gwnet_fixed_industry_l8,000004.SZ,45,0.003821948404855581,0.042711683657641164,0.06182190877719306,209.61134956001428,0.5555555555555556,0.782608695652174,0.5454545454545454,0.6428571428571429,0.11393242066514779
stock_node_gwnet_fixed_industry_l8,000005.SZ,45,0.00522263932895805,0.04221228806612387,0.07226783052616186,277.00145387720744,0.35555555555555557,0.3157894736842105,0.8,0.45283018867924535,-0.086710996952412
stock_node_gwnet_fixed_industry_l8,000007.SZ,45,0.005133249540007797,0.04614695256782898,0.0716466994355483,1.137083204948893,0.6444444444444445,0.16666666666666666,0.08333333333333333,0.1111111111111111,-0.0886968593983624
stock_node_gwnet_fixed_industry_l8,000008.SZ,45,0.0009036459587904382,0.023932331808221796,0.03006070456244228,0.8809099040610118,0.5777777777777777,0.0,0.0,0.0,-0.12309149097933274
stock_node_gwnet_fixed_industry_l8,000009.SZ,45,0.0008820823233441867,0.02381593736095557,0.029699870763088963,1.3661961860396044,0.4666666666666667,0.0,0.0,0.0,0.0
stock_node_gwnet_fixed_industry_l8,000010.SZ,45,0.0015881384245861978,0.03039314889400782,0.03985145448520289,290.5118693265997,0.6666666666666666,0.25,0.3333333333333333,0.28571428571428575,0.07537783614444091
stock_node_gwnet_fixed_industry_l8,000011.SZ,45,0.0010581935540013695,0.027720409722274342,0.032529887088666165,0.9496611429109288,0.5555555555555556,0.42857142857142855,0.3333333333333333,0.375,0.03919309008348102
stock_node_gwnet_fixed_industry_l8,000014.SZ,45,0.0017267991994029033,0.030993741406645178,0.04155477348515936,0.9798295236496816,0.7111111111111111,0.8571428571428571,0.3333333333333333,0.48,0.4005009394574071
stock_node_gwnet_fixed_industry_l8,000017.SZ,45,0.0008927716322680343,0.023323226877902073,0.029879284333263978,336.4942228299069,0.6,0.75,0.375,0.5,0.2618924633082486
stock_node_gwnet_fixed_industry_l8,000020.SZ,45,0.0020600263758219343,0.029075650552598118,0.045387513435106074,0.90019211605544,0.5555555555555556,0.7,0.2916666666666667,0.4117647058823529,0.17857142857142858
stock_node_gwnet_fixed_industry_l8,000023.SZ,45,0.0031258851652489804,0.04417381694850815,0.0559096160356068,1.0290351394531516,0.3111111111111111,0.0967741935483871,0.5,0.16216216216216214,-0.16003588750309927
stock_node_gwnet_fixed_industry_l8,000025.SZ,45,0.0006842493152097829,0.020039916511935447,0.02615815962964105,1.2324146961385714,0.5555555555555556,0.5714285714285714,0.19047619047619047,0.2857142857142857,0.09012760973486356
stock_node_gwnet_fixed_industry_l8,000030.SZ,45,0.00048583889834119233,0.018131182710122703,0.022041753522376396,255.163388945978,0.6444444444444445,0.9,0.375,0.5294117647058825,0.39285714285714285
stock_node_gwnet_fixed_industry_l8,000034.SZ,45,0.004618286372148547,0.05517945257532922,0.06795797504449752,1.51707470941931,0.3333333333333333,0.0,0.0,0.0,0.0
stock_node_gwnet_fixed_industry_l8,000035.SZ,45,0.0005511704065196925,0.01955004450865085,0.023477018688915604,189.7929146217648,0.5555555555555556,0.6666666666666666,0.09523809523809523,0.16666666666666666,0.10714285714285714
stock_node_gwnet_fixed_industry_l8,000036.SZ,45,0.0005585574340648118,0.02029897005090279,0.023633819709577456,1.1190539915460562,0.4666666666666667,0.4,0.2857142857142857,0.3333333333333333,-0.0944911182523068
stock_node_gwnet_fixed_industry_l8,000037.SZ,45,0.0013092502857095893,0.02661879110770917,0.03618356375081909,0.9478136068924442,0.6444444444444445,0.8333333333333334,0.4166666666666667,0.5555555555555556,0.36262033381142117
stock_node_gwnet_fixed_industry_l8,000040.SZ,45,0.0020693453586519595,0.03630676528749363,0.04549005780005076,0.9809165921056636,0.5777777777777777,0.0,0.0,0.0,-0.12309149097933274
stock_node_gwnet_fixed_industry_l8,000046.SZ,45,0.0035075408723878316,0.048433838156051914,0.0592244955435488,30.646464830606263,0.6666666666666666,0.8,0.2222222222222222,0.3478260869565218,0.28867513459481287
stock_node_gwnet_fixed_industry_l8,000048.SZ,45,0.003747446316459025,0.04192873682412832,0.061216389279824604,1.0110314580765876,0.5333333333333333,0.0,0.0,0.0,0.0
stock_node_gwnet_fixed_industry_l8,000049.SZ,45,0.0008317818405495912,0.02267827233299608,0.02884062829672043,1.2207647602617977,0.6,0.0,0.0,0.0,0.0
stock_node_gwnet_fixed_industry_l8,000056.SZ,45,0.001993356245079114,0.03210812558213041,0.044647018322382,0.9487584763017424,0.7555555555555555,0.0,0.0,0.0,-0.10783277320343843
stock_node_gwnet_fixed_industry_l8,000058.SZ,45,0.0012327980503667674,0.026399751579285466,0.03511122399414135,47.69392053030204,0.5777777777777777,1.0,0.20833333333333334,0.3448275862068966,0.33071891388307384
stock_node_gwnet_fixed_industry_l8,000059.SZ,45,0.0021028786602897533,0.03872002529808213,0.04585715495197836,0.9716713915970782,0.5555555555555556,0.0,0.0,0.0,-0.17609018126512477
stock_node_gwnet_fixed_industry_l8,000068.SZ,45,0.001475712691113406,0.029140813837552196,0.038415006066814646,185.98050046409574,0.7111111111111111,0.6,0.4,0.48,0.30237157840738177
stock_node_gwnet_fixed_industry_l8,000070.SZ,45,0.009853379144741358,0.07655519938303361,0.09926418863185937,1.0709742909113813,0.4666666666666667,0.0,0.0,0.0,0.0
stock_node_gwnet_fixed_industry_l8,000078.SZ,45,0.00027605018721062993,0.013622778439376865,0.016614758114719273,400.70474122690325,0.4888888888888889,0.5333333333333333,0.3333333333333333,0.4102564102564102,0.0
stock_node_gwnet_fixed_industry_l8,000100.SZ,45,0.002365574999681877,0.03836424632204898,0.048637177135210846,1.622599918629914,0.4,0.0,0.0,0.0,0.0
stock_node_gwnet_fixed_industry_l8,000156.SZ,45,0.0026138067799909826,0.041394576590715125,0.05112540249221499,1.6499600571779303,0.3333333333333333,0.0,0.0,0.0,0.0
stock_node_gwnet_fixed_industry_l8,000403.SZ,45,0.0020332547739917877,0.035053627652167824,0.045091626428770425,0.9915279033596093,0.6222222222222222,0.6,0.16666666666666666,0.2608695652173913,0.14433756729740643
stock_node_gwnet_fixed_industry_l8,000408.SZ,45,0.000702034447390089,0.022586685957180084,0.026495932657487054,1.0845204788199128,0.5555555555555556,1.0,0.047619047619047616,0.0909090909090909,0.16116459280507606
stock_node_gwnet_fixed_industry_l8,000409.SZ,45,0.005839098315502742,0.04321484164231349,0.0764139929299781,1.6239977817799582,0.6,0.0,0.0,0.0,0.0
stock_node_gwnet_fixed_industry_l8,000410.SZ,45,0.004087648256469841,0.044113913346599316,0.06393471870955436,1.1113326723385362,0.4888888888888889,1.0,0.23333333333333334,0.37837837837837834,0.30348848933344197
stock_node_gwnet_fixed_industry_l8,000413.SZ,45,0.000557995235998977,0.01839647612844899,0.02362192278369771,226.5799621794663,0.5555555555555556,0.6428571428571429,0.375,0.4736842105263159,0.1475329266648508
stock_node_gwnet_fixed_industry_l8,000415.SZ,45,0.0005448767186375204,0.01947978867683555,0.023342594513839295,227.84279490409713,0.4444444444444444,0.4,0.08333333333333333,0.13793103448275862,-0.09449111825230681
stock_node_gwnet_fixed_industry_l8,000422.SZ,45,0.000772323539930326,0.022803253046650828,0.02779070959745947,1.2007835548156007,0.6222222222222222,1.0,0.05555555555555555,0.10526315789473684,0.1846372364689991
stock_node_gwnet_fixed_industry_l8,000430.SZ,45,0.001906552341571634,0.03521420578472313,0.043664085259760496,1.5922582419206668,0.5555555555555556,0.0,0.0,0.0,-0.17609018126512477
stock_node_gwnet_fixed_industry_l8,000488.SZ,45,0.00042765256371406923,0.017678146242784926,0.020679762177405938,1.084118050440592,0.6666666666666666,1.0,0.16666666666666666,0.2857142857142857,0.32732683535398854
stock_node_gwnet_fixed_industry_l8,000504.SZ,45,0.0038208705290502815,0.042813157406635535,0.06181319057491112,77.54750949437516,0.5111111111111111,0.47058823529411764,0.38095238095238093,0.42105263157894735,0.006124949469375316
stock_node_gwnet_fixed_industry_l8,000505.SZ,45,0.0004995609947212086,0.019822664113922205,0.022350861162854747,1.1756222824335467,0.4222222222222222,0.2222222222222222,0.09523809523809523,0.13333333333333333,-0.2449894717530557
stock_node_gwnet_fixed_industry_l8,000506.SZ,45,0.002022904943964662,0.035211105323913985,0.044976715575558227,1.1592174179623562,0.5111111111111111,0.4,0.09523809523809523,0.15384615384615385,-0.04724555912615341
stock_node_gwnet_fixed_industry_l8,000507.SZ,45,0.0003419437390363648,0.0164749052867086,0.0184917208240976,0.9573299169608883,0.5777777777777777,1.0,0.20833333333333334,0.3448275862068966,0.33071891388307384
stock_node_gwnet_fixed_industry_l8,000509.SZ,45,0.0009769698289031693,0.02816967056650249,0.031256516582997045,1.1025599827427153,0.5111111111111111,0.3333333333333333,0.2222222222222222,0.26666666666666666,-0.08206099398622183
stock_node_gwnet_fixed_industry_l8,000514.SZ,45,0.001393598814197795,0.031348605751473836,0.037330936422728465,1.035406365240617,0.5777777777777777,0.6923076923076923,0.375,0.48648648648648646,0.20310518711487166
stock_node_gwnet_fixed_industry_l8,000516.SZ,45,0.001852660096073161,0.03671797040668828,0.04304253821596911,2.7178275728942634,0.4,0.0,0.0,0.0,-0.2857142857142857
stock_node_gwnet_fixed_industry_l8,000517.SZ,45,0.00188183866023715,0.030749105737130637,0.04338016436387891,0.9565408166449695,0.6444444444444445,0.625,0.2777777777777778,0.3846153846153846,0.2135605490443123
stock_node_gwnet_fixed_industry_l8,000518.SZ,45,0.0003237167834533172,0.01362597184876597,0.017992131153738215,0.8183282369553756,0.6888888888888889,0.5238095238095238,0.7333333333333333,0.611111111111111,0.3779644730092272
stock_node_gwnet_fixed_industry_l8,000520.SZ,45,0.000510734435608442,0.017629172665894813,0.02259943440903869,146.27135577567458,0.5111111111111111,0.25,0.1111111111111111,0.15384615384615383,-0.14237369936287486
stock_node_gwnet_fixed_industry_l8,000525.SZ,45,0.005771144004067728,0.05914643523024599,0.07596804594082783,1.0978865718966178,0.6222222222222222,1.0,0.05555555555555555,0.10526315789473684,0.1846372364689991
stock_node_gwnet_fixed_industry_l8,000526.SZ,45,0.0073226394495614425,0.06196163793792945,0.0855724222490017,1.7694652572541907,0.5333333333333333,0.0,0.0,0.0,0.0
stock_node_gwnet_fixed_industry_l8,000533.SZ,45,0.000710241188549452,0.02001787873968066,0.026650350627139073,283.43983417736615,0.7111111111111111,1.0,0.2777777777777778,0.4347826086956522,0.4330127018922193
stock_node_gwnet_fixed_industry_l8,000536.SZ,45,0.002186509975818233,0.035491031899841256,0.04676013233319847,445.0771744692029,0.4666666666666667,0.2,0.047619047619047616,0.07692307692307693,-0.18898223650461363
stock_node_gwnet_fixed_industry_l8,000537.SZ,45,0.0007468658780970338,0.021813523443415715,0.02732884699538262,0.9378254691837007,0.5777777777777777,0.3333333333333333,0.05555555555555555,0.09523809523809525,-0.036369648372665396
stock_node_gwnet_fixed_industry_l8,000544.SZ,45,0.0016197382747551808,0.030492014621591394,0.04024597215567268,0.9655453241992943,0.6444444444444445,0.9,0.375,0.5294117647058825,0.39285714285714285
stock_node_gwnet_fixed_industry_l8,000545.SZ,45,0.000558247206150623,0.017175232857051772,0.023627255578052713,126.02748169228634,0.4666666666666667,0.5,0.20833333333333334,0.29411764705882354,-0.03571428571428571
stock_node_gwnet_fixed_industry_l8,000548.SZ,45,0.0006638616567137109,0.019370291169939734,0.025765512933254617,0.8663432279566131,0.8,0.7142857142857143,0.4166666666666667,0.5263157894736842,0.43444089665483965
stock_node_gwnet_fixed_industry_l8,000550.SZ,45,0.0009239660520018718,0.022518742917519433,0.03039680989843954,234.60554711956533,0.6444444444444445,0.75,0.16666666666666666,0.27272727272727276,0.2231518495721684
stock_node_gwnet_fixed_industry_l8,000552.SZ,45,0.0005468924498550534,0.019019876410149815,0.023385731757955604,233.1016885612792,0.5111111111111111,1.0,0.08333333333333333,0.15384615384615385,0.20173664619648224
stock_node_gwnet_fixed_industry_l8,000557.SZ,45,0.0007040534832975056,0.022611132039067616,0.026534006167510883,0.9497858410089915,0.6222222222222222,0.6666666666666666,0.1111111111111111,0.1904761904761905,0.14547859349066158
stock_node_gwnet_fixed_industry_l8,000560.SZ,45,0.00460284710708964,0.05545109955904382,0.06784428573645418,0.9381571006799233,0.6,0.0,0.0,0.0,0.0
stock_node_gwnet_fixed_industry_l8,000561.SZ,45,0.0013417575755348466,0.029955002841436172,0.03663000922105872,0.9498831145089617,0.6222222222222222,0.6666666666666666,0.1111111111111111,0.1904761904761905,0.14547859349066158
stock_node_gwnet_fixed_industry_l8,000564.SZ,45,0.0024284975261631534,0.03339548722530402,0.04927978821142755,1805.6271837343381,0.6666666666666666,0.0,0.0,0.0,0.0
stock_node_gwnet_fixed_industry_l8,000566.SZ,45,0.002272799594927196,0.03231942622870618,0.04767388797787732,218.5822805147374,0.5111111111111111,1.0,0.18518518518518517,0.3125,0.28867513459481287
stock_node_gwnet_fixed_industry_l8,000567.SZ,45,0.0011844970143678358,0.026952006952423137,0.03441652240375015,0.9650833479559807,0.6,0.6666666666666666,0.2857142857142857,0.4,0.20044593143431827
stock_node_gwnet_fixed_industry_l8,000570.SZ,45,0.00043250185121071065,0.01756872688937516,0.020796678850497033,0.9520522828188955,0.6888888888888889,0.75,0.3333333333333333,0.46153846153846156,0.33220529851337466
stock_node_gwnet_fixed_industry_l8,000571.SZ,45,0.0007451120767768409,0.018923572699228872,0.0272967411384004,311.5564769293768,0.4444444444444444,0.5925925925925926,0.5333333333333333,0.5614035087719299,-0.19245008972987526
stock_node_gwnet_fixed_industry_l8,000572.SZ,45,0.0011921882157504122,0.024231894257374927,0.03452807865709316,0.6985690770146031,0.7777777777777778,0.0,0.0,0.0,-0.12251277836633777
stock_node_gwnet_fixed_industry_l8,000576.SZ,45,0.001001880616275629,0.02485194635810325,0.031652497788889095,1.3805802761129569,0.4,0.2,0.041666666666666664,0.06896551724137931,-0.236227795630767
stock_node_gwnet_fixed_industry_l8,000586.SZ,45,0.004173695374510688,0.04804814270076647,0.06460414363267025,1.103766883766381,0.4666666666666667,0.8,0.14814814814814814,0.25,0.14433756729740643
stock_node_gwnet_fixed_industry_l8,000590.SZ,45,0.0007737128987832947,0.02198707054162187,0.027815695187848436,0.9589849727017941,0.6222222222222222,0.5294117647058824,0.5,0.5142857142857143,0.20583232685540795
stock_node_gwnet_fixed_industry_l8,000596.SZ,45,0.002039502384472153,0.03288619175242877,0.04516085013008671,0.8786853069706777,0.6,0.0,0.0,0.0,-0.1889822365046136
stock_node_gwnet_fixed_industry_l8,000598.SZ,45,0.0005116375829370233,0.01724600142851055,0.022619407218957426,421.2651702461297,0.5111111111111111,1.0,0.08333333333333333,0.15384615384615385,0.20173664619648224
stock_node_gwnet_fixed_industry_l8,000605.SZ,45,0.0006726686201150838,0.020572007175845387,0.025935855877820647,116.14668502026915,0.7111111111111111,0.6818181818181818,0.7142857142857143,0.6976744186046512,0.4217830051630598
stock_node_gwnet_fixed_industry_l8,000607.SZ,45,0.0033766233308971977,0.048782725104441205,0.05810871992134397,253.11609245175973,0.4,0.0,0.0,0.0,0.0
stock_node_gwnet_fixed_industry_l8,000610.SZ,45,0.007242832954871858,0.06438179717709615,0.08510483508515752,1.603441599404501,0.3333333333333333,0.0,0.0,0.0,0.0
stock_node_gwnet_fixed_industry_l8,000615.SZ,45,0.014046556469280356,0.0817119174171239,0.11851816936352146,1.024608839522444,0.7111111111111111,0.16666666666666666,0.1111111111111111,0.13333333333333333,-0.03268602252303067
stock_node_gwnet_fixed_industry_l8,000617.SZ,45,0.005482353086145417,0.06138845634543229,0.07404291381452661,1.5687107753256144,0.4,0.0,0.0,0.0,0.0
stock_node_gwnet_fixed_industry_l8,000627.SZ,45,0.0011498842517608208,0.027244315060993833,0.033909943258000605,0.9735215242621501,0.5555555555555556,0.6666666666666666,0.09523809523809523,0.16666666666666666,0.10714285714285714
stock_node_gwnet_fixed_industry_l8,000628.SZ,45,0.001986645078166369,0.03445700269140714,0.04457179689182801,1.0424393761062618,0.4888888888888889,0.0,0.0,0.0,-0.20173664619648224
stock_node_gwnet_fixed_industry_l8,000631.SZ,45,0.000990184235570475,0.024524956077544176,0.03146719300430966,129.63180911891178,0.5555555555555556,0.7333333333333333,0.4074074074074074,0.5238095238095238,0.19245008972987526
stock_node_gwnet_fixed_industry_l8,000632.SZ,45,0.0005801876539129643,0.0189777847845107,0.024087084794822397,182.03376521813553,0.7333333333333333,0.6,0.6,0.6,0.4
stock_node_gwnet_fixed_industry_l8,000633.SZ,45,0.0023635406069440128,0.042341182934534156,0.048616258668721234,0.9709900990717577,0.4888888888888889,0.25,0.047619047619047616,0.08,-0.13565237905857336
stock_node_gwnet_fixed_industry_l8,000635.SZ,45,0.0026719894373121726,0.031713992928982554,0.05169128976251389,1.0531441233201813,0.5333333333333333,0.7142857142857143,0.20833333333333334,0.3225806451612903,0.15567496226930977
stock_node_gwnet_fixed_industry_l8,000637.SZ,45,0.004684800015750145,0.03938542239937101,0.06844559895091974,1.132846231782324,0.6666666666666666,0.38461538461538464,0.4166666666666667,0.4,0.17000231384686126
stock_node_gwnet_fixed_industry_l8,000638.SZ,45,0.0021871714724625746,0.035224003499994626,0.046767205095692585,1.0370917966854778,0.5555555555555556,0.375,0.16666666666666666,0.23076923076923078,-0.023728949893812475
stock_node_gwnet_fixed_industry_l8,000655.SZ,45,0.0011262158158472494,0.028774780518789213,0.033559139080841294,0.9307629973610607,0.6222222222222222,0.4,0.26666666666666666,0.32,0.07559289460184544
stock_node_gwnet_fixed_industry_l8,000669.SZ,45,0.001075796436565908,0.02919758378217612,0.03279933591653813,1.0363544374802582,0.4444444444444444,0.4411764705882353,0.7142857142857143,0.5454545454545455,-0.08982837383370208
stock_node_gwnet_fixed_industry_l8,000697.SZ,45,0.0048501111982327556,0.05376261824793696,0.06964273973812889,0.933645271634412,0.5777777777777777,0.0,0.0,0.0,-0.12309149097933274
stock_node_gwnet_fixed_industry_l8,000707.SZ,45,0.0008177237785628624,0.020602631412394736,0.028595869956391646,1.9347529117081732,0.8222222222222222,0.0,0.0,0.0,-0.08459098688756271
stock_node_gwnet_fixed_industry_l8,000710.SZ,45,0.007160428912614467,0.05778015470002877,0.08461931760900974,1.833318932501214,0.4666666666666667,0.5,0.041666666666666664,0.07692307692307693,-0.014409760442605873
stock_node_gwnet_fixed_industry_l8,000718.SZ,45,0.0007187281906868643,0.019591429757161237,0.026809106488036194,375.68551443655656,0.5555555555555556,0.7692307692307693,0.37037037037037035,0.5,0.22017621148199482
stock_node_gwnet_fixed_industry_l8,000723.SZ,45,0.0004986453029747045,0.01672556408577492,0.02233036728257519,0.9159947067689944,0.6444444444444445,0.0,0.0,0.0,-0.10660035817780522
stock_node_gwnet_fixed_industry_l8,000736.SZ,45,0.0026672006298957226,0.04035489195699074,0.05164494776738304,1.5442026958576829,0.5333333333333333,0.0,0.0,0.0,0.0
stock_node_gwnet_fixed_industry_l8,000738.SZ,45,0.0010457246620024165,0.02556993512488485,0.03233766630420965,0.9895881334727662,0.7333333333333333,0.0,0.0,0.0,0.0
stock_node_gwnet_fixed_industry_l8,000755.SZ,45,0.0008498620518840284,0.021305297615213506,0.029152393587560325,0.8370125891596781,0.7777777777777778,0.3333333333333333,0.1111111111111111,0.16666666666666666,0.0890870806374748
stock_node_gwnet_fixed_industry_l8,000820.SZ,45,0.001000626751086517,0.025248796888627068,0.03163268485422186,1.089447039329825,0.5555555555555556,0.15,0.5,0.23076923076923075,0.04385290096535146
stock_node_gwnet_fixed_industry_l8,000839.SZ,45,0.0003864891827487364,0.015209366458778543,0.019659328135740967,0.9188882533077002,0.6222222222222222,0.0,0.0,0.0,-0.22310032643658012
stock_node_gwnet_fixed_industry_l8,000906.SZ,45,0.0005372651948170157,0.018006109826577146,0.02317898174676825,1.6155596750295236,0.4444444444444444,0.0,0.0,0.0,-0.16116459280507606
stock_node_gwnet_fixed_industry_l8,000927.SZ,45,0.0010465353242261198,0.02747118655178279,0.03235019820999741,0.9882709020083144,0.6,0.0,0.0,0.0,0.0
stock_node_gwnet_fixed_industry_l8,000968.SZ,45,0.0005936489244784085,0.017348290573702047,0.02436491174780669,1.2345520526730474,0.5555555555555556,0.4166666666666667,0.2777777777777778,0.33333333333333337,0.020515248496555456
stock_node_gwnet_noise_aug_l8,000004.SZ,45,0.003835868243971357,0.04294576160868418,0.06193438660365788,201.56422640818823,0.5111111111111111,0.7391304347826086,0.5151515151515151,0.6071428571428571,0.01340381419589974
stock_node_gwnet_noise_aug_l8,000005.SZ,45,0.00522462393592929,0.04222680570868148,0.07228156013762632,272.03628496677965,0.35555555555555557,0.325,0.8666666666666667,0.4727272727272728,-0.05
stock_node_gwnet_noise_aug_l8,000007.SZ,45,0.005127544796303841,0.04608308039864315,0.0716068767389267,1.1271747144809612,0.6444444444444445,0.16666666666666666,0.08333333333333333,0.1111111111111111,-0.0886968593983624
stock_node_gwnet_noise_aug_l8,000008.SZ,45,0.0009034258923346099,0.023796053874927208,0.03005704397199781,0.8795781873294086,0.5777777777777777,0.0,0.0,0.0,-0.12309149097933274
stock_node_gwnet_noise_aug_l8,000009.SZ,45,0.0008838630622447518,0.02386411170785622,0.029729834547887277,1.3793904471367682,0.4666666666666667,0.0,0.0,0.0,0.0
stock_node_gwnet_noise_aug_l8,000010.SZ,45,0.001543518810323671,0.03009153139363558,0.0392876419542287,349.40086760817763,0.6666666666666666,0.25,0.3333333333333333,0.28571428571428575,0.07537783614444091
stock_node_gwnet_noise_aug_l8,000011.SZ,45,0.0010581290016396445,0.027778149986018692,0.03252889487270732,0.9578224985955625,0.5333333333333333,0.4,0.3333333333333333,0.3636363636363636,0.0
stock_node_gwnet_noise_aug_l8,000014.SZ,45,0.001736197375095175,0.03122128976715931,0.04166770182161689,1.0156041916183263,0.6888888888888889,0.75,0.3333333333333333,0.46153846153846156,0.33220529851337466
stock_node_gwnet_noise_aug_l8,000017.SZ,45,0.0008898655248836085,0.02331830470357086,0.029830613887139642,361.9089399150813,0.6,0.75,0.375,0.5,0.2618924633082486
stock_node_gwnet_noise_aug_l8,000020.SZ,45,0.0020763965623572717,0.029092464272657177,0.04556749458064676,0.891831867572692,0.5555555555555556,0.7,0.2916666666666667,0.4117647058823529,0.17857142857142858
stock_node_gwnet_noise_aug_l8,000023.SZ,45,0.0030951414511941507,0.04391566015935189,0.055633995463153195,1.023539566323862,0.37777777777777777,0.10714285714285714,0.5,0.17647058823529413,-0.09887865147828519
stock_node_gwnet_noise_aug_l8,000025.SZ,45,0.0006796443423523289,0.019990634938908902,0.026069989304798896,1.2446843501903482,0.5555555555555556,0.5714285714285714,0.19047619047619047,0.2857142857142857,0.09012760973486356
stock_node_gwnet_noise_aug_l8,000030.SZ,45,0.00048205494402033834,0.017948201329757742,0.021955749680216758,262.83570612561675,0.6444444444444445,0.9,0.375,0.5294117647058825,0.39285714285714285
stock_node_gwnet_noise_aug_l8,000034.SZ,45,0.004636419166638279,0.055261687924050576,0.06809125616874959,1.5220615060019842,0.3333333333333333,0.0,0.0,0.0,0.0
stock_node_gwnet_noise_aug_l8,000035.SZ,45,0.0005478276921989306,0.01940441606566306,0.023405719219860146,189.1694029454994,0.5555555555555556,0.6666666666666666,0.09523809523809523,0.16666666666666666,0.10714285714285714
stock_node_gwnet_noise_aug_l8,000036.SZ,45,0.0005564475476898754,0.020353838584075325,0.023589140461023065,1.1374762089112105,0.5333333333333333,0.5,0.3333333333333333,0.4,0.04490132550669372
stock_node_gwnet_noise_aug_l8,000037.SZ,45,0.0013060669748932614,0.026466331007476442,0.03613954862603103,0.9370505158195881,0.6666666666666666,0.8461538461538461,0.4583333333333333,0.5945945945945945,0.39965859400023135
stock_node_gwnet_noise_aug_l8,000040.SZ,45,0.002053008499694438,0.036130430104417896,0.04531013683155722,0.9691775909750545,0.5777777777777777,0.0,0.0,0.0,-0.12309149097933274
stock_node_gwnet_noise_aug_l8,000046.SZ,45,0.003505444214921459,0.04845485246171139,0.05920679196613729,30.523950336376693,0.6666666666666666,0.8,0.2222222222222222,0.3478260869565218,0.28867513459481287
stock_node_gwnet_noise_aug_l8,000048.SZ,45,0.003769963936953679,0.04179745721113347,0.06140003205987501,1.0037215537068793,0.5333333333333333,0.0,0.0,0.0,0.0
stock_node_gwnet_noise_aug_l8,000049.SZ,45,0.0008418393368207109,0.02276995330531558,0.029014467715619236,1.223740965713576,0.6222222222222222,1.0,0.05555555555555555,0.10526315789473684,0.1846372364689991
stock_node_gwnet_noise_aug_l8,000056.SZ,45,0.001974829704367645,0.031953288865689586,0.04443905606971918,0.9436512029166538,0.7555555555555555,0.0,0.0,0.0,-0.10783277320343843
stock_node_gwnet_noise_aug_l8,000058.SZ,45,0.0012322365755371271,0.02643953317051957,0.03510322742337415,45.140682475346686,0.5777777777777777,1.0,0.20833333333333334,0.3448275862068966,0.33071891388307384
stock_node_gwnet_noise_aug_l8,000059.SZ,45,0.0021118345966709405,0.03882475380216617,0.045954701573081076,0.9759649579700839,0.5555555555555556,0.0,0.0,0.0,-0.17609018126512477
stock_node_gwnet_noise_aug_l8,000068.SZ,45,0.0014732398829381055,0.029045995441265383,0.03838280712686483,177.85389316925344,0.7111111111111111,0.6,0.4,0.48,0.30237157840738177
stock_node_gwnet_noise_aug_l8,000070.SZ,45,0.009890232544794021,0.07674958171426419,0.09944964828894078,1.080345476388748,0.4666666666666667,0.0,0.0,0.0,0.0
stock_node_gwnet_noise_aug_l8,000078.SZ,45,0.00027861276106128487,0.013714046615900208,0.016691697369089965,483.8688903809631,0.4888888888888889,0.5333333333333333,0.3333333333333333,0.4102564102564102,0.0
stock_node_gwnet_noise_aug_l8,000100.SZ,45,0.0023872005202663755,0.03845255660514031,0.04885898607489082,1.6244886167718755,0.4,0.0,0.0,0.0,0.0
stock_node_gwnet_noise_aug_l8,000156.SZ,45,0.0026114882287310718,0.04130171962185861,0.05110272232211384,1.6362754680073746,0.3333333333333333,0.0,0.0,0.0,0.0
stock_node_gwnet_noise_aug_l8,000403.SZ,45,0.00206209500849955,0.03518594144714163,0.04541029628288666,0.9942682838311987,0.6222222222222222,0.6,0.16666666666666666,0.2608695652173913,0.14433756729740643
stock_node_gwnet_noise_aug_l8,000408.SZ,45,0.0007048533637661791,0.02264588580518542,0.026549074631071028,1.0861565103444486,0.5555555555555556,1.0,0.047619047619047616,0.0909090909090909,0.16116459280507606
stock_node_gwnet_noise_aug_l8,000409.SZ,45,0.005821046527458192,0.043078314637144365,0.07629578315646411,1.6209372476299333,0.6,0.0,0.0,0.0,0.0
stock_node_gwnet_noise_aug_l8,000410.SZ,45,0.004117387418857251,0.044515301714030356,0.06416687166176369,1.1658019567694116,0.4888888888888889,1.0,0.23333333333333334,0.37837837837837834,0.30348848933344197
stock_node_gwnet_noise_aug_l8,000413.SZ,45,0.0005481848920576113,0.01827180739233472,0.023413348587026404,227.6746624094423,0.5555555555555556,0.6666666666666666,0.3333333333333333,0.4444444444444444,0.16116459280507606
stock_node_gwnet_noise_aug_l8,000415.SZ,45,0.000556980388335167,0.01966755137416631,0.02360043195230051,233.03483997396896,0.4,0.2857142857142857,0.08333333333333333,0.12903225806451613,-0.21302889573695022
stock_node_gwnet_noise_aug_l8,000422.SZ,45,0.0007700932639244812,0.02278494759359291,0.027750554299409612,1.19488364777154,0.6222222222222222,1.0,0.05555555555555555,0.10526315789473684,0.1846372364689991
stock_node_gwnet_noise_aug_l8,000430.SZ,45,0.0018996363100355685,0.03520283061855779,0.0435848174257455,1.6074131921251977,0.5555555555555556,0.0,0.0,0.0,-0.17609018126512477
stock_node_gwnet_noise_aug_l8,000488.SZ,45,0.0004259658459373773,0.017671592960444564,0.02063894003909545,1.1141476933559262,0.6444444444444445,1.0,0.1111111111111111,0.19999999999999998,0.26413527189768715
stock_node_gwnet_noise_aug_l8,000504.SZ,45,0.0039055867006749356,0.043235509301949644,0.06249469338011777,76.49993684585253,0.4888888888888889,0.4375,0.3333333333333333,0.37837837837837834,-0.0434255208612282
stock_node_gwnet_noise_aug_l8,000505.SZ,45,0.0004984188246575506,0.019693353293567004,0.02232529562307184,1.1639612455213897,0.4444444444444444,0.25,0.09523809523809523,0.13793103448275862,-0.20194517395039002
stock_node_gwnet_noise_aug_l8,000506.SZ,45,0.0020436526899826135,0.034953198162838775,0.045206777035999963,1.1789020232853704,0.5111111111111111,0.4,0.09523809523809523,0.15384615384615385,-0.04724555912615341
stock_node_gwnet_noise_aug_l8,000507.SZ,45,0.0003425428805010922,0.016507573309354453,0.01850791399647978,0.9690709803418505,0.5777777777777777,1.0,0.20833333333333334,0.3448275862068966,0.33071891388307384
stock_node_gwnet_noise_aug_l8,000509.SZ,45,0.0009970398129233666,0.028435237933364124,0.03157593724536718,1.1083439352846576,0.4888888888888889,0.3076923076923077,0.2222222222222222,0.2580645161290323,-0.12009611535381536
stock_node_gwnet_noise_aug_l8,000514.SZ,45,0.0013909961006986949,0.03130629887907866,0.03729606012300354,1.048314312254477,0.6,0.7142857142857143,0.4166666666666667,0.5263157894736842,0.24375005275062306
stock_node_gwnet_noise_aug_l8,000516.SZ,45,0.0018467476045426934,0.03671117485888918,0.04297380137412437,2.763742706930059,0.4,0.0,0.0,0.0,-0.2857142857142857
stock_node_gwnet_noise_aug_l8,000517.SZ,45,0.0018886263191804998,0.030893536628637832,0.04345832853643246,0.9643122484457869,0.6444444444444445,0.625,0.2777777777777778,0.3846153846153846,0.2135605490443123
stock_node_gwnet_noise_aug_l8,000518.SZ,45,0.00032621764940749773,0.01358278176178118,0.018061496322494926,0.8090667465518524,0.6888888888888889,0.5238095238095238,0.7333333333333333,0.611111111111111,0.3779644730092272
stock_node_gwnet_noise_aug_l8,000520.SZ,45,0.0005060311123462667,0.01750417621547558,0.022495135304022217,156.61058979369315,0.5555555555555556,0.4,0.2222222222222222,0.2857142857142857,0.0
stock_node_gwnet_noise_aug_l8,000525.SZ,45,0.005732599777369739,0.05871934161469752,0.07571393383895555,1.0876015801413286,0.6222222222222222,1.0,0.05555555555555555,0.10526315789473684,0.1846372364689991
stock_node_gwnet_noise_aug_l8,000526.SZ,45,0.007310909227585089,0.061845218854594125,0.08550385504516793,1.7615687835771772,0.5333333333333333,0.0,0.0,0.0,0.0
stock_node_gwnet_noise_aug_l8,000533.SZ,45,0.0007034617945472441,0.01981644536523768,0.026522854193077414,284.9208238546418,0.6888888888888889,1.0,0.2222222222222222,0.3636363636363636,0.38254602783800296
stock_node_gwnet_noise_aug_l8,000536.SZ,45,0.0021851381008669703,0.03567567972932006,0.04674546075146731,531.6366901848385,0.4222222222222222,0.14285714285714285,0.047619047619047616,0.07142857142857142,-0.27857624827139643
stock_node_gwnet_noise_aug_l8,000537.SZ,45,0.0007491233355088314,0.021904840403132928,0.02737011756476087,0.9516394724988622,0.5777777777777777,0.3333333333333333,0.05555555555555555,0.09523809523809525,-0.036369648372665396
stock_node_gwnet_noise_aug_l8,000544.SZ,45,0.0016284467390442576,0.030639589440801876,0.04035401763200608,0.9976171968270464,0.6222222222222222,0.8888888888888888,0.3333333333333333,0.48484848484848486,0.3563483225498992
stock_node_gwnet_noise_aug_l8,000545.SZ,45,0.0005552817619724511,0.017235487673638545,0.023564417284805732,121.81231704572843,0.4222222222222222,0.4,0.16666666666666666,0.23529411764705882,-0.14285714285714285
stock_node_gwnet_noise_aug_l8,000548.SZ,45,0.0006560785683106972,0.01928000591902266,0.025614030692390006,0.8630283066907037,0.8,0.7142857142857143,0.4166666666666667,0.5263157894736842,0.43444089665483965
stock_node_gwnet_noise_aug_l8,000550.SZ,45,0.0009250654184641855,0.02249731521329113,0.03041488810540301,230.2616328109629,0.6222222222222222,0.6,0.16666666666666666,0.2608695652173913,0.14433756729740643
stock_node_gwnet_noise_aug_l8,000552.SZ,45,0.0005537813065792009,0.019158933891190374,0.02353255843675313,236.31170061034362,0.5111111111111111,1.0,0.08333333333333333,0.15384615384615385,0.20173664619648224
stock_node_gwnet_noise_aug_l8,000557.SZ,45,0.0006973515572465357,0.022443918604403704,0.02640741481566372,0.9440922801977294,0.6222222222222222,0.6666666666666666,0.1111111111111111,0.1904761904761905,0.14547859349066158
stock_node_gwnet_noise_aug_l8,000560.SZ,45,0.004612217224111024,0.0554793080832395,0.06791330667925854,0.9447738582886236,0.6,0.0,0.0,0.0,0.0
stock_node_gwnet_noise_aug_l8,000561.SZ,45,0.0013439872806669845,0.02998930544385477,0.036660432085110294,0.9505042420122858,0.6444444444444445,1.0,0.1111111111111111,0.19999999999999998,0.26413527189768715
stock_node_gwnet_noise_aug_l8,000564.SZ,45,0.0024554462007132442,0.033402617363673094,0.049552459078367084,1939.8926518380504,0.6666666666666666,0.0,0.0,0.0,0.0
stock_node_gwnet_noise_aug_l8,000566.SZ,45,0.0022843123155126934,0.0323701398628246,0.04779447996905807,215.34748954147145,0.5111111111111111,1.0,0.18518518518518517,0.3125,0.28867513459481287
stock_node_gwnet_noise_aug_l8,000567.SZ,45,0.0011831047604230283,0.026919920222523267,0.03439628992235977,0.9471939092261699,0.6222222222222222,0.6666666666666666,0.38095238095238093,0.4848484848484849,0.24174688920761409
stock_node_gwnet_noise_aug_l8,000570.SZ,45,0.0004211833380041245,0.017390553870548758,0.020522751716183785,0.949324572315356,0.6888888888888889,0.75,0.3333333333333333,0.46153846153846156,0.33220529851337466
stock_node_gwnet_noise_aug_l8,000571.SZ,45,0.0007491559653197673,0.019075058561025343,0.027370713642865932,399.27831296831215,0.4,0.56,0.4666666666666667,0.509090909090909,-0.25298221281347033
stock_node_gwnet_noise_aug_l8,000572.SZ,45,0.0011872880074873628,0.024226383388870273,0.03445704583227301,0.7050038145492608,0.7777777777777778,0.0,0.0,0.0,-0.12251277836633777
stock_node_gwnet_noise_aug_l8,000576.SZ,45,0.0010136631875129816,0.024915739926250804,0.03183807763532499,1.382322041817499,0.4,0.2,0.041666666666666664,0.06896551724137931,-0.236227795630767
stock_node_gwnet_noise_aug_l8,000586.SZ,45,0.004151601457368661,0.047874021222297454,0.06443292215450623,1.1083633260769772,0.4888888888888889,0.8333333333333334,0.18518518518518517,0.303030303030303,0.18681617943926834
stock_node_gwnet_noise_aug_l8,000590.SZ,45,0.0007796553942939412,0.021918994591881784,0.02792230997417551,0.9547893021892021,0.6222222222222222,0.5294117647058824,0.5,0.5142857142857143,0.20583232685540795
stock_node_gwnet_noise_aug_l8,000596.SZ,45,0.0020447740451912918,0.03293583729925251,0.04521917784736131,0.882106555329344,0.6,0.0,0.0,0.0,-0.1889822365046136
stock_node_gwnet_noise_aug_l8,000598.SZ,45,0.0005126721513118029,0.017378843769741525,0.022642264712519435,484.8501704108325,0.5111111111111111,1.0,0.08333333333333333,0.15384615384615385,0.20173664619648224
stock_node_gwnet_noise_aug_l8,000605.SZ,45,0.0006636553630661076,0.020404655046554053,0.02576150933206569,119.74501281345253,0.7333333333333333,0.7142857142857143,0.7142857142857143,0.7142857142857143,0.4642857142857143
stock_node_gwnet_noise_aug_l8,000607.SZ,45,0.0033788154124919016,0.04876572251216401,0.05812757875993031,259.56102496177215,0.4,0.0,0.0,0.0,0.0
stock_node_gwnet_noise_aug_l8,000610.SZ,45,0.007282221708945686,0.06447036818911626,0.08533593445287681,1.5957814380015054,0.3333333333333333,0.0,0.0,0.0,0.0
stock_node_gwnet_noise_aug_l8,000615.SZ,45,0.014042154170683456,0.08168596118533362,0.11849959565620237,1.0256315546052335,0.7333333333333333,0.2857142857142857,0.2222222222222222,0.25,0.09197090092274486
stock_node_gwnet_noise_aug_l8,000617.SZ,45,0.005491330535598927,0.06144443967690066,0.07410351230271699,1.5775094120566218,0.4,0.0,0.0,0.0,0.0
stock_node_gwnet_noise_aug_l8,000627.SZ,45,0.001153870360280562,0.027352905141500107,0.033968667331536015,0.9817577522081616,0.5555555555555556,0.6666666666666666,0.09523809523809523,0.16666666666666666,0.10714285714285714
stock_node_gwnet_noise_aug_l8,000628.SZ,45,0.0019884129000338996,0.03447974071475776,0.04459162365325914,1.0532552087165998,0.4888888888888889,0.0,0.0,0.0,-0.20173664619648224
stock_node_gwnet_noise_aug_l8,000631.SZ,45,0.0009937008744290879,0.024685116140689238,0.03152302134042814,126.86712127560463,0.5555555555555556,0.7333333333333333,0.4074074074074074,0.5238095238095238,0.19245008972987526
stock_node_gwnet_noise_aug_l8,000632.SZ,45,0.0005742350936996404,0.018844521278515425,0.0239632029098708,175.5361866973034,0.7333333333333333,0.6,0.6,0.6,0.4
stock_node_gwnet_noise_aug_l8,000633.SZ,45,0.002365071306745841,0.042385052193680516,0.04863199879447524,0.9747035927825703,0.4888888888888889,0.25,0.047619047619047616,0.08,-0.13565237905857336
stock_node_gwnet_noise_aug_l8,000635.SZ,45,0.0026702789150085428,0.03175127952514832,0.05167474155724964,1.0686761552887727,0.5333333333333333,0.7142857142857143,0.20833333333333334,0.3225806451612903,0.15567496226930977
stock_node_gwnet_noise_aug_l8,000637.SZ,45,0.004684809814204469,0.039415503875352434,0.06844567052929257,1.1383225045017378,0.6444444444444445,0.3333333333333333,0.3333333333333333,0.3333333333333333,0.09090909090909091
stock_node_gwnet_noise_aug_l8,000638.SZ,45,0.0021808464363740425,0.035304669709876134,0.046699533577692645,1.051997513902182,0.5333333333333333,0.3333333333333333,0.16666666666666666,0.2222222222222222,-0.06804138174397717
stock_node_gwnet_noise_aug_l8,000655.SZ,45,0.0011220546934235173,0.02863572165887385,0.03349708484963307,0.922716838682067,0.6444444444444445,0.4444444444444444,0.26666666666666666,0.33333333333333337,0.11785113019775792
stock_node_gwnet_noise_aug_l8,000669.SZ,45,0.001067232420083848,0.029036564206600963,0.03266852338389123,1.019632784895825,0.4666666666666667,0.45161290322580644,0.6666666666666666,0.5384615384615384,-0.04490132550669372
stock_node_gwnet_noise_aug_l8,000697.SZ,45,0.004883664312897911,0.05395180675615035,0.0698832191080084,0.9350356971715582,0.5777777777777777,0.0,0.0,0.0,-0.12309149097933274
stock_node_gwnet_noise_aug_l8,000707.SZ,45,0.0008117130452293617,0.02062158289287858,0.028490578183486586,1.9890251724933616,0.8222222222222222,0.0,0.0,0.0,-0.08459098688756271
stock_node_gwnet_noise_aug_l8,000710.SZ,45,0.007158606676942896,0.05786750402379156,0.084608549668121,1.849743959106243,0.4666666666666667,0.5,0.041666666666666664,0.07692307692307693,-0.014409760442605873
stock_node_gwnet_noise_aug_l8,000718.SZ,45,0.0007208260682257909,0.0197586286347359,0.026848204189960097,416.7986992119556,0.5777777777777777,0.7857142857142857,0.4074074074074074,0.5365853658536585,0.25475508554262666
stock_node_gwnet_noise_aug_l8,000723.SZ,45,0.0004945471687583409,0.01662130369804795,0.022238416507439122,0.908277057437616,0.6444444444444445,0.0,0.0,0.0,-0.10660035817780522
stock_node_gwnet_noise_aug_l8,000736.SZ,45,0.002662671771674633,0.04024000557708653,0.051601083047496527,1.526360051660986,0.5333333333333333,0.0,0.0,0.0,0.0
stock_node_gwnet_noise_aug_l8,000738.SZ,45,0.0010537358158254123,0.025696131936274444,0.0324612971987475,0.9962638908174115,0.7333333333333333,0.0,0.0,0.0,0.0
stock_node_gwnet_noise_aug_l8,000755.SZ,45,0.0008405298859905856,0.021317168371751887,0.028991893453008302,0.8473360339687518,0.7555555555555555,0.25,0.1111111111111111,0.15384615384615383,0.03904344047215152
stock_node_gwnet_noise_aug_l8,000820.SZ,45,0.0009832854724492425,0.025086182441251933,0.03135738306123843,1.0840590663581486,0.5555555555555556,0.15,0.5,0.23076923076923075,0.04385290096535146
stock_node_gwnet_noise_aug_l8,000839.SZ,45,0.0003829455106986616,0.015102491970173987,0.019568993604645632,0.9272707166032906,0.6222222222222222,0.0,0.0,0.0,-0.22310032643658012
stock_node_gwnet_noise_aug_l8,000906.SZ,45,0.0005330295092254899,0.01794857885429838,0.023087431845605737,1.6446838840645746,0.4666666666666667,0.5,0.041666666666666664,0.07692307692307693,-0.014409760442605873
stock_node_gwnet_noise_aug_l8,000927.SZ,45,0.0010390288007306604,0.027359720091852842,0.03223396967068531,0.9984073491460967,0.6,0.0,0.0,0.0,0.0
stock_node_gwnet_noise_aug_l8,000968.SZ,45,0.0005954957852969002,0.01739519551241144,0.024402782326958136,1.249721980188457,0.5555555555555556,0.4,0.2222222222222222,0.2857142857142857,0.0
stock_node_gwnet_tail_weighted_l8,000004.SZ,45,0.003755896902693551,0.04252280881369688,0.06128537266504586,361.50093432286576,0.5111111111111111,0.6896551724137931,0.6060606060606061,0.6451612903225807,-0.1329744713520154
stock_node_gwnet_tail_weighted_l8,000005.SZ,45,0.005423904244441868,0.04331441317529723,0.07364716046421524,440.63816264290807,0.35555555555555557,0.3409090909090909,1.0,0.5084745762711864,0.10660035817780522
stock_node_gwnet_tail_weighted_l8,000007.SZ,45,0.005240974096812206,0.046511833147249236,0.07239457228834359,0.9922888420645217,0.5333333333333333,0.2,0.25,0.22222222222222224,-0.10660035817780521
stock_node_gwnet_tail_weighted_l8,000008.SZ,45,0.000883237428066679,0.02419612527980154,0.029719310692993522,0.910648938290625,0.6222222222222222,0.5714285714285714,0.2222222222222222,0.32,0.15018785229652767
stock_node_gwnet_tail_weighted_l8,000009.SZ,45,0.0008566800164984228,0.02341140719751513,0.029269096612270472,1.2695893505761293,0.5111111111111111,1.0,0.08333333333333333,0.15384615384615385,0.20173664619648224
stock_node_gwnet_tail_weighted_l8,000010.SZ,45,0.0017077058234094475,0.03164519637098738,0.04132439743552769,162.49285992770325,0.5111111111111111,0.24,0.6666666666666666,0.3529411764705882,0.11180339887498948
stock_node_gwnet_tail_weighted_l8,000011.SZ,45,0.0010851406560790239,0.02816599264171799,0.032941473192300064,0.9792930035729083,0.6444444444444445,0.5555555555555556,0.5555555555555556,0.5555555555555556,0.25925925925925924
stock_node_gwnet_tail_weighted_l8,000014.SZ,45,0.0017364816721885461,0.03133876307660503,0.041671113162340005,0.9707891643520745,0.7111111111111111,0.6666666666666666,0.5555555555555556,0.606060606060606,0.3849001794597505
stock_node_gwnet_tail_weighted_l8,000017.SZ,45,0.0009261556702439554,0.02366841951799057,0.030432805822729447,293.583820048787,0.6444444444444445,0.6818181818181818,0.625,0.6521739130434783,0.29108967961957644
stock_node_gwnet_tail_weighted_l8,000020.SZ,45,0.002027329100771921,0.028624420618224466,0.0450258714604384,0.8125828453565609,0.6666666666666666,0.7368421052631579,0.5833333333333334,0.6511627906976745,0.34871490092681434
stock_node_gwnet_tail_weighted_l8,000023.SZ,45,0.003240631949977259,0.045181616757892853,0.05692654872708567,1.0514423295734456,0.3111111111111111,0.12121212121212122,0.6666666666666666,0.20512820512820512,-0.059131239598908265
stock_node_gwnet_tail_weighted_l8,000025.SZ,45,0.0006934799357363446,0.019994097259930416,0.02633400721000024,1.2174676568387865,0.6444444444444445,0.6666666666666666,0.47619047619047616,0.5555555555555556,0.2834733547569204
stock_node_gwnet_tail_weighted_l8,000030.SZ,45,0.00048001201478691793,0.01793242558164312,0.021909176497233254,106.60351679427606,0.5777777777777777,0.5757575757575758,0.7916666666666666,0.6666666666666667,0.14101901870444156
stock_node_gwnet_tail_weighted_l8,000034.SZ,45,0.00472882222529002,0.055381670066465896,0.0687664324019359,1.5132416863381093,0.35555555555555557,1.0,0.03333333333333333,0.06451612903225806,0.10660035817780522
stock_node_gwnet_tail_weighted_l8,000035.SZ,45,0.0005500050089107374,0.01948436667832232,0.023452185589209747,64.67887559463863,0.6666666666666666,0.7142857142857143,0.47619047619047616,0.5714285714285714,0.3335527037640105
stock_node_gwnet_tail_weighted_l8,000036.SZ,45,0.0005735255345496857,0.020553444460448236,0.02394839315172702,1.0895417409912407,0.4,0.40625,0.6190476190476191,0.49056603773584906,-0.1900016266558477
stock_node_gwnet_tail_weighted_l8,000037.SZ,45,0.0012779513606809574,0.026096578472707795,0.035748445570135734,0.9119977956812915,0.5777777777777777,0.6190476190476191,0.5416666666666666,0.5777777777777778,0.16071428571428573
stock_node_gwnet_tail_weighted_l8,000040.SZ,45,0.0020420096598128086,0.036347483341685576,0.04518860099419773,1.011922088880288,0.6222222222222222,0.5454545454545454,0.3333333333333333,0.41379310344827586,0.1688801323682996
stock_node_gwnet_tail_weighted_l8,000046.SZ,45,0.0035990072320778504,0.050046021468006026,0.059991726363539916,245.7601519176845,0.4222222222222222,0.3181818181818182,0.3888888888888889,0.35000000000000003,-0.16333965194414124
stock_node_gwnet_tail_weighted_l8,000048.SZ,45,0.0037808271731654053,0.04232759146381992,0.06148843121405363,1.0230066673804836,0.4888888888888889,0.25,0.047619047619047616,0.08,-0.13565237905857336
stock_node_gwnet_tail_weighted_l8,000049.SZ,45,0.0008295453218823884,0.02243149647385704,0.0288018284468606,1.1286061148481898,0.6,0.5,0.05555555555555555,0.09999999999999999,0.04402254531628119
stock_node_gwnet_tail_weighted_l8,000056.SZ,45,0.002070370007255266,0.03306830514532822,0.04550131874193611,0.9685931157941219,0.6444444444444445,0.0,0.0,0.0,-0.21459876881973802
stock_node_gwnet_tail_weighted_l8,000058.SZ,45,0.0012252058887264909,0.026622646953910555,0.035002941143945185,103.54855752941728,0.6666666666666666,0.8,0.5,0.6153846153846154,0.3779644730092272
stock_node_gwnet_tail_weighted_l8,000059.SZ,45,0.0021316035602734875,0.039134008502070244,0.046169292395200165,1.0015837574566817,0.6,0.5,0.2777777777777778,0.35714285714285715,0.1091089451179962
stock_node_gwnet_tail_weighted_l8,000068.SZ,45,0.0015303837127262061,0.03015232872890511,0.039120119027505604,270.8735026960215,0.6666666666666666,0.5,0.7333333333333333,0.5945945945945945,0.3457820374040623
stock_node_gwnet_tail_weighted_l8,000070.SZ,45,0.009923426219362484,0.07661061057976133,0.09961639533411397,1.066243228041805,0.4,0.0,0.0,0.0,-0.2857142857142857
stock_node_gwnet_tail_weighted_l8,000078.SZ,45,0.0002875469007399924,0.013572143341621537,0.016957207928783333,282.7270925692091,0.4888888888888889,0.5217391304347826,0.5,0.5106382978723404,-0.023762422826087874
stock_node_gwnet_tail_weighted_l8,000100.SZ,45,0.0023354352362549417,0.03843528492272723,0.0483263410186923,1.6045678442422977,0.4,0.0,0.0,0.0,0.0
stock_node_gwnet_tail_weighted_l8,000156.SZ,45,0.002573706115452139,0.04059518165368995,0.05073170720025238,1.4757457542815793,0.37777777777777777,1.0,0.06666666666666667,0.125,0.15249857033260467
stock_node_gwnet_tail_weighted_l8,000403.SZ,45,0.0020590767335810856,0.03526065675929804,0.04537705073692081,1.0807893302240241,0.5777777777777777,0.45454545454545453,0.2777777777777778,0.3448275862068966,0.06333004963811235
stock_node_gwnet_tail_weighted_l8,000408.SZ,45,0.0006853605738713979,0.022477083565253297,0.02617939216008267,1.0737754294321584,0.5777777777777777,1.0,0.09523809523809523,0.17391304347826084,0.23055616708169396
stock_node_gwnet_tail_weighted_l8,000409.SZ,45,0.005827362924358204,0.043475422051010806,0.07633716607497427,1.46013401052177,0.5333333333333333,0.0,0.0,0.0,-0.21821789023599236
stock_node_gwnet_tail_weighted_l8,000410.SZ,45,0.004008132267690819,0.04383894605303386,0.063309811780567,1.1267667144707378,0.6,1.0,0.4,0.5714285714285715,0.42640143271122083
stock_node_gwnet_tail_weighted_l8,000413.SZ,45,0.0005644603352172923,0.01887481182865379,0.023758374001965968,575.8228710151532,0.5777777777777777,0.5925925925925926,0.6666666666666666,0.627450980392157,0.14547859349066158
stock_node_gwnet_tail_weighted_l8,000415.SZ,45,0.000567960544478442,0.019693504028125728,0.023831922802796293,218.57589229254037,0.6,0.6666666666666666,0.5,0.5714285714285715,0.21821789023599236
stock_node_gwnet_tail_weighted_l8,000422.SZ,45,0.000792694274102833,0.023090309910993586,0.02815482683489339,1.193820056636598,0.6222222222222222,0.6666666666666666,0.1111111111111111,0.1904761904761905,0.14547859349066158
stock_node_gwnet_tail_weighted_l8,000430.SZ,45,0.0018966385897418176,0.03548833779835449,0.043550414346385014,1.5754771069065134,0.5555555555555556,0.4375,0.3888888888888889,0.411764705882353,0.05685735326841775
stock_node_gwnet_tail_weighted_l8,000488.SZ,45,0.0004319464853476119,0.01770671318388644,0.020783322288498822,0.983345086022268,0.6444444444444445,0.625,0.2777777777777778,0.3846153846153846,0.2135605490443123
stock_node_gwnet_tail_weighted_l8,000504.SZ,45,0.0038195743020699867,0.04286627319330964,0.06180270465012018,49.40407326452705,0.4666666666666667,0.44,0.5238095238095238,0.4782608695652174,-0.05976143046671969
stock_node_gwnet_tail_weighted_l8,000505.SZ,45,0.0005024055983055791,0.019935542515789408,0.02241440604400614,1.1670540364811774,0.4444444444444444,0.375,0.2857142857142857,0.3243243243243243,-0.13648020842100292
stock_node_gwnet_tail_weighted_l8,000506.SZ,45,0.0019927203791385364,0.03504768925098078,0.044639896719622194,1.1509936565409884,0.5111111111111111,0.4444444444444444,0.19047619047619047,0.26666666666666666,-0.0222717701593687
stock_node_gwnet_tail_weighted_l8,000507.SZ,45,0.0003473242617864854,0.016216944603042457,0.01863663762019548,0.8903964091278017,0.7777777777777778,0.8888888888888888,0.6666666666666666,0.761904761904762,0.5819143739626463
stock_node_gwnet_tail_weighted_l8,000509.SZ,45,0.0010509898820303613,0.028760039625275406,0.032418974105149614,1.03369672904197,0.4444444444444444,0.3333333333333333,0.3888888888888889,0.358974358974359,-0.1272937693043289
stock_node_gwnet_tail_weighted_l8,000514.SZ,45,0.001416792665697902,0.031218356680538885,0.03764030639750296,1.0514900054872192,0.6,0.6,0.75,0.6666666666666665,0.1889822365046136
stock_node_gwnet_tail_weighted_l8,000516.SZ,45,0.0019014980727083898,0.03718420211872494,0.04360617012199523,2.5415566663616453,0.35555555555555557,0.14285714285714285,0.041666666666666664,0.06451612903225806,-0.3359301817390369
stock_node_gwnet_tail_weighted_l8,000517.SZ,45,0.001907322199064601,0.031326308618817036,0.04367290005328935,0.9734553217714221,0.6666666666666666,0.5517241379310345,0.8888888888888888,0.6808510638297872,0.41695392396839687
stock_node_gwnet_tail_weighted_l8,000518.SZ,45,0.00039077108878340656,0.015258862073015791,0.019767930816942034,1.0107786713057143,0.6,0.45454545454545453,1.0,0.625,0.42640143271122083
stock_node_gwnet_tail_weighted_l8,000520.SZ,45,0.000524657348080693,0.01816019339797393,0.0229053999764399,156.78804113096487,0.5333333333333333,0.42105263157894735,0.4444444444444444,0.43243243243243246,0.03673591791853226
stock_node_gwnet_tail_weighted_l8,000525.SZ,45,0.005786827815618649,0.059413541545573996,0.07607120227535942,1.0829650673203508,0.5555555555555556,0.3333333333333333,0.1111111111111111,0.16666666666666666,-0.05337605126836238
stock_node_gwnet_tail_weighted_l8,000526.SZ,45,0.007313747812479346,0.06213217849403411,0.0855204525974889,1.6174901758192464,0.5333333333333333,0.0,0.0,0.0,0.0
stock_node_gwnet_tail_weighted_l8,000533.SZ,45,0.0007102787061317006,0.019831888983026135,0.026651054503184307,146.65605464066317,0.7333333333333333,0.7142857142857143,0.5555555555555556,0.6250000000000001,0.4311239909182913
stock_node_gwnet_tail_weighted_l8,000536.SZ,45,0.0022060096127859722,0.035967577440250205,0.04696817659635056,193.23052235044537,0.4222222222222222,0.3333333333333333,0.23809523809523808,0.2777777777777778,-0.1889822365046136
stock_node_gwnet_tail_weighted_l8,000537.SZ,45,0.00074364254147011,0.021763735761245052,0.027269810073964763,0.9900426935613339,0.6222222222222222,0.5555555555555556,0.2777777777777778,0.3703703703703704,0.15876322406928006
stock_node_gwnet_tail_weighted_l8,000544.SZ,45,0.0015859054058985017,0.030344794967418733,0.03982342785218899,1.025189847829006,0.7111111111111111,0.7619047619047619,0.6666666666666666,0.7111111111111111,0.42857142857142855
stock_node_gwnet_tail_weighted_l8,000545.SZ,45,0.0006004314819187357,0.017273882132333974,0.024503703432720854,116.79944725526776,0.5333333333333333,0.5714285714285714,0.5,0.5333333333333333,0.07142857142857142
stock_node_gwnet_tail_weighted_l8,000548.SZ,45,0.0006903990487105031,0.019932655550332495,0.02627544573761791,0.8285374633484511,0.7777777777777778,0.55,0.9166666666666666,0.6874999999999999,0.5730698830937558
stock_node_gwnet_tail_weighted_l8,000550.SZ,45,0.0009656898319595005,0.023096173569663488,0.03107555038868178,218.27173938961124,0.6444444444444445,0.5833333333333334,0.3888888888888889,0.4666666666666666,0.22566773346211
stock_node_gwnet_tail_weighted_l8,000552.SZ,45,0.0005450288353343889,0.018858788858374748,0.02334585263669736,113.92004403026132,0.6,0.75,0.375,0.5,0.2618924633082486
stock_node_gwnet_tail_weighted_l8,000557.SZ,45,0.000696585340164084,0.022712783215360483,0.026392903215904158,0.9518901452078622,0.6222222222222222,0.5454545454545454,0.3333333333333333,0.41379310344827586,0.1688801323682996
stock_node_gwnet_tail_weighted_l8,000560.SZ,45,0.00459091923507899,0.055700582374508145,0.06775632247310202,0.9521013839112265,0.5555555555555556,0.25,0.05555555555555555,0.0909090909090909,-0.09563650695950074
stock_node_gwnet_tail_weighted_l8,000561.SZ,45,0.0013519708416504508,0.02995722660691372,0.03676915611828004,0.8899452029103052,0.6444444444444445,0.625,0.2777777777777778,0.3846153846153846,0.2135605490443123
stock_node_gwnet_tail_weighted_l8,000564.SZ,45,0.00246126476701899,0.03359689187361959,0.04961113551430757,1259.8264348603384,0.6444444444444445,0.0,0.0,0.0,-0.10660035817780522
stock_node_gwnet_tail_weighted_l8,000566.SZ,45,0.0022348291630345106,0.03184170031454411,0.04727397976725157,51.611883972507826,0.6,0.9090909090909091,0.37037037037037035,0.5263157894736842,0.3588702812826367
stock_node_gwnet_tail_weighted_l8,000567.SZ,45,0.001174526884549965,0.02755509696176478,0.03427137120907135,1.003897544369289,0.5777777777777777,0.5625,0.42857142857142855,0.4864864864864864,0.14268385425832122
stock_node_gwnet_tail_weighted_l8,000570.SZ,45,0.0004594047487847757,0.017988746514957774,0.021433729231862,0.9737624669465543,0.6222222222222222,0.5217391304347826,0.6666666666666666,0.5853658536585366,0.2540839030242197
stock_node_gwnet_tail_weighted_l8,000571.SZ,45,0.0007290164128732467,0.018676154721631734,0.027000303940386425,471.1744384148092,0.6222222222222222,0.6756756756756757,0.8333333333333334,0.746268656716418,0.04109974682633932
stock_node_gwnet_tail_weighted_l8,000572.SZ,45,0.0012482161746428739,0.025856215954344296,0.03533010295262206,0.8319249610659497,0.7777777777777778,0.25,0.3333333333333333,0.28571428571428575,0.15958626340564364
stock_node_gwnet_tail_weighted_l8,000576.SZ,45,0.0009787539146029927,0.02459802671413244,0.03128504298547459,1.1961071387203928,0.5111111111111111,0.5714285714285714,0.3333333333333333,0.4210526315789474,0.05131580057907854
stock_node_gwnet_tail_weighted_l8,000586.SZ,45,0.004050522990023072,0.047074586134921305,0.06364371917183244,1.0648431640219558,0.5333333333333333,0.875,0.25925925925925924,0.39999999999999997,0.26101844883193726
stock_node_gwnet_tail_weighted_l8,000590.SZ,45,0.0007926489373991984,0.02228864099468204,0.02815402169138893,1.0800039560797603,0.6444444444444445,0.5454545454545454,0.6666666666666666,0.6,0.2903816034562511
stock_node_gwnet_tail_weighted_l8,000596.SZ,45,0.0020408502865390194,0.03340875914630786,0.04517577101211466,0.9083941420153967,0.6222222222222222,0.3333333333333333,0.13333333333333333,0.19047619047619044,0.0
stock_node_gwnet_tail_weighted_l8,000598.SZ,45,0.0004777847115391819,0.01689412381706965,0.02185828702206973,362.6893940349071,0.6888888888888889,0.8125,0.5416666666666666,0.65,0.4156442711003271
stock_node_gwnet_tail_weighted_l8,000605.SZ,45,0.0006636223575958144,0.020644602606383424,0.025760868727506346,201.4372419784687,0.5777777777777777,0.5294117647058824,0.8571428571428571,0.6545454545454545,0.2211159971291128
stock_node_gwnet_tail_weighted_l8,000607.SZ,45,0.003302425827826405,0.04806063356291913,0.057466736707650325,170.82534967840147,0.4222222222222222,1.0,0.037037037037037035,0.07142857142857142,0.12309149097933274
stock_node_gwnet_tail_weighted_l8,000610.SZ,45,0.007259231291284391,0.06432578909831738,0.08520112259403857,1.5839081713939154,0.3333333333333333,0.0,0.0,0.0,0.0
stock_node_gwnet_tail_weighted_l8,000615.SZ,45,0.014380345711417114,0.08266895829130792,0.11991807916831021,0.9940691564416374,0.7111111111111111,0.25,0.2222222222222222,0.23529411764705882,0.058123819371909635
stock_node_gwnet_tail_weighted_l8,000617.SZ,45,0.005431104498503052,0.06104144299299348,0.07369602769826235,1.597060480783502,0.4222222222222222,1.0,0.037037037037037035,0.07142857142857142,0.12309149097933274
stock_node_gwnet_tail_weighted_l8,000627.SZ,45,0.001167925488292198,0.02736226236447688,0.03417492484691368,0.9721816024931584,0.5333333333333333,0.5,0.2857142857142857,0.36363636363636365,0.040291148201269014
stock_node_gwnet_tail_weighted_l8,000628.SZ,45,0.0019671692096518106,0.03455738540376637,0.04435278130683363,1.0597926441091667,0.5555555555555556,0.5555555555555556,0.23809523809523808,0.33333333333333326,0.0890870806374748
stock_node_gwnet_tail_weighted_l8,000631.SZ,45,0.0010096522054188909,0.02460834525473826,0.03177502486889493,305.54357925714976,0.6444444444444445,0.6666666666666666,0.8148148148148148,0.7333333333333333,0.22566773346211
stock_node_gwnet_tail_weighted_l8,000632.SZ,45,0.0006128323645540221,0.01980117400332039,0.024755451208855438,348.53353057240076,0.6222222222222222,0.46153846153846156,0.8,0.5853658536585367,0.31814238148788887
stock_node_gwnet_tail_weighted_l8,000633.SZ,45,0.0023629722599198657,0.042423003133282816,0.04861041308114822,0.9708559547571353,0.35555555555555557,0.16666666666666666,0.09523809523809523,0.12121212121212123,-0.36262033381142117
stock_node_gwnet_tail_weighted_l8,000635.SZ,45,0.00260881948707932,0.031062081660557912,0.05107660410676614,0.8947458424180809,0.5777777777777777,0.7272727272727273,0.3333333333333333,0.4571428571428572,0.2211159971291128
stock_node_gwnet_tail_weighted_l8,000637.SZ,45,0.004784870084579371,0.04005898607170412,0.06917275536350545,1.0758988875898068,0.6,0.35,0.5833333333333334,0.4375,0.16854996561581054
stock_node_gwnet_tail_weighted_l8,000638.SZ,45,0.0021869287971437194,0.03542034682921233,0.04676461052060329,1.1159550135587202,0.5111111111111111,0.35714285714285715,0.2777777777777778,0.31250000000000006,-0.058789635125221534
stock_node_gwnet_tail_weighted_l8,000655.SZ,45,0.0011304174331181482,0.028987943893298476,0.0336216809978048,0.9222638354034215,0.6222222222222222,0.4444444444444444,0.5333333333333333,0.4848484848484848,0.19245008972987526
stock_node_gwnet_tail_weighted_l8,000669.SZ,45,0.0010979097900798956,0.029321472582200275,0.033134721819865876,1.039224485413058,0.4,0.425,0.8095238095238095,0.5573770491803278,-0.236227795630767
stock_node_gwnet_tail_weighted_l8,000697.SZ,45,0.004880986039259622,0.054430626834639215,0.06986405398529076,0.965617511362535,0.6222222222222222,0.5454545454545454,0.3333333333333333,0.41379310344827586,0.1688801323682996
stock_node_gwnet_tail_weighted_l8,000707.SZ,45,0.000856351675450931,0.021002253094532804,0.029263487069228968,1.7918991264869346,0.7333333333333333,0.125,0.16666666666666666,0.14285714285714288,-0.01139901881468883
stock_node_gwnet_tail_weighted_l8,000710.SZ,45,0.007048998838239398,0.057538776558875585,0.08395831607553475,1.8831794012235077,0.4222222222222222,0.25,0.041666666666666664,0.07142857142857142,-0.17739157261505747
stock_node_gwnet_tail_weighted_l8,000718.SZ,45,0.0007713275792839977,0.019943388895545536,0.02777278486727605,449.1017275836099,0.7555555555555555,0.7352941176470589,0.9259259259259259,0.819672131147541,0.4855303805588614
stock_node_gwnet_tail_weighted_l8,000723.SZ,45,0.0005179904270772852,0.01701234446631534,0.022759403047472163,0.9401601417195141,0.6222222222222222,0.3333333333333333,0.13333333333333333,0.19047619047619044,0.0
stock_node_gwnet_tail_weighted_l8,000736.SZ,45,0.002659684789196991,0.040367374046602136,0.051572131904711785,1.5407141841822487,0.5333333333333333,0.5,0.047619047619047616,0.08695652173913042,0.014409760442605873
stock_node_gwnet_tail_weighted_l8,000738.SZ,45,0.0010440840331632523,0.02582048824212201,0.03231228919719636,0.9359200221200845,0.7333333333333333,0.0,0.0,0.0,0.0
stock_node_gwnet_tail_weighted_l8,000755.SZ,45,0.0009030403714208491,0.02233029766939578,0.03005063013350717,0.9538085512023335,0.6666666666666666,0.3125,0.5555555555555556,0.39999999999999997,0.20890725544918334
stock_node_gwnet_tail_weighted_l8,000820.SZ,45,0.0010662718267376754,0.026426201153339546,0.032653817950397096,1.1774350513733762,0.3111111111111111,0.0967741935483871,0.5,0.16216216216216214,-0.16003588750309927
stock_node_gwnet_tail_weighted_l8,000839.SZ,45,0.00045719171709629746,0.017110193748440947,0.021382041930000453,1.090591124560514,0.4,0.08,0.3333333333333333,0.12903225806451613,-0.17541160386140583
stock_node_gwnet_tail_weighted_l8,000906.SZ,45,0.0005398586850109347,0.017904233671207352,0.0232348592638504,1.546850187053282,0.4888888888888889,0.5454545454545454,0.25,0.34285714285714286,0.01381974982056955
stock_node_gwnet_tail_weighted_l8,000927.SZ,45,0.0010260416500040275,0.027096494750326678,0.03203188489620971,0.91121564883475,0.6222222222222222,0.6,0.16666666666666666,0.2608695652173913,0.14433756729740643
stock_node_gwnet_tail_weighted_l8,000968.SZ,45,0.0006147356969370186,0.017701896748298505,0.02479386409854298,1.1992241031706623,0.4888888888888889,0.3684210526315789,0.3888888888888889,0.37837837837837834,-0.05510387687779838
